{
  "type": "FeatureCollection",
  "features": [
    {
      "type": "Feature",
      "geometry": {
        "type": "Polygon",
        "coordinates": [
          [
            [
              4.769,
              52.198
            ],
            [
              4.77,
              52.198
            ],
            [
              4.771,
              52.198
            ],
            [
              4.772,
              52.199
            ],
            [
              4.773,
              52.199
            ],
            [
              4.773,
              52.2
            ],
            [
              4.774,
              52.2
            ],
            [
              4.774,
              52.201
            ],
            [
              4.774,
              52.202
            ],
            [
              4.775,
              52.202
            ],
            [
              4.775,
              52.203
            ],
            [
              4.775,
              52.204
            ],
            [
              4.775,
              52.205
            ],
            [
              4.776,
              52.205
            ],
            [
              4.776,
              52.206
            ],
            [
              4.776,
              52.207
            ],
            [
              4.776,
              52.208
            ],
            [
              4.776,
              52.209
            ],
            [
              4.776,
              52.21
            ],
            [
              4.776,
              52.211
            ],
            [
              4.776,
              52.212
            ],
            [
              4.776,
              52.213
            ],
            [
              4.776,
              52.214
            ],
            [
              4.776,
              52.215
            ],
            [
              4.776,
              52.216
            ],
            [
              4.776,
              52.217
            ],
            [
              4.776,
              52.218
            ],
            [
              4.777,
              52.218
            ],
            [
              4.777,
              52.219
            ],
            [
              4.777,
              52.22
            ],
            [
              4.777,
              52.221
            ],
            [
              4.777,
              52.222
            ],
            [
              4.777,
              52.223
            ],
            [
              4.777,
              52.224
            ],
            [
              4.777,
              52.225
            ],
            [
              4.778,
              52.225
            ],
            [
              4.778,
              52.226
            ],
            [
              4.778,
              52.227
            ],
            [
              4.778,
              52.228
            ],
            [
              4.778,
              52.229
            ],
            [
              4.778,
              52.23
            ],
            [
              4.779,
              52.23
            ],
            [
              4.779,
              52.231
            ],
            [
              4.779,
              52.232
            ],
            [
              4.779,
              52.233
            ],
            [
              4.78,
              52.234
            ],
            [
              4.78,
              52.235
            ],
            [
              4.78,
              52.236
            ],
            [
              4.781,
              52.237
            ],
            [
              4.781,
              52.238
            ],
            [
              4.782,
              52.239
            ],
            [
              4.783,
              52.24
            ],
            [
              4.784,
              52.24
            ],
            [
              4.784,
              52.241
            ],
            [
              4.785,
              52.241
            ],
            [
              4.785,
              52.24
            ],
            [
              4.786,
              52.24
            ],
            [
              4.787,
              52.24
            ],
            [
              4.788,
              52.24
            ],
            [
              4.788,
              52.239
            ],
            [
              4.789,
              52.239
            ],
            [
              4.79,
              52.239
            ],
            [
              4.79,
              52.238
            ],
            [
              4.791,
              52.238
            ],
            [
              4.791,
              52.237
            ],
            [
              4.792,
              52.237
            ],
            [
              4.793,
              52.237
            ],
            [
              4.794,
              52.236
            ],
            [
              4.795,
              52.236
            ],
            [
              4.796,
              52.236
            ],
            [
              4.797,
              52.236
            ],
            [
              4.798,
              52.236
            ],
            [
              4.799,
              52.237
            ],
            [
              4.8,
              52.237
            ],
            [
              4.8,
              52.238
            ],
            [
              4.801,
              52.238
            ],
            [
              4.801,
              52.239
            ],
            [
              4.802,
              52.24
            ],
            [
              4.802,
              52.241
            ],
            [
              4.803,
              52.241
            ],
            [
              4.803,
              52.242
            ],
            [
              4.804,
              52.243
            ],
            [
              4.804,
              52.244
            ],
            [
              4.805,
              52.244
            ],
            [
              4.805,
              52.245
            ],
            [
              4.806,
              52.245
            ],
            [
              4.806,
              52.246
            ],
            [
              4.807,
              52.246
            ],
            [
              4.808,
              52.246
            ],
            [
              4.808,
              52.247
            ],
            [
              4.809,
              52.247
            ],
            [
              4.81,
              52.247
            ],
            [
              4.811,
              52.247
            ],
            [
              4.811,
              52.248
            ],
            [
              4.812,
              52.248
            ],
            [
              4.813,
              52.248
            ],
            [
              4.814,
              52.248
            ],
            [
              4.815,
              52.248
            ],
            [
              4.816,
              52.248
            ],
            [
              4.817,
              52.249
            ],
            [
              4.818,
              52.249
            ],
            [
              4.819,
              52.249
            ],
            [
              4.82,
              52.249
            ],
            [
              4.821,
              52.249
            ],
            [
              4.822,
              52.249
            ],
            [
              4.823,
              52.249
            ],
            [
              4.824,
              52.249
            ],
            [
              4.825,
              52.249
            ],
            [
              4.826,
              52.249
            ],
            [
              4.827,
              52.249
            ],
            [
              4.828,
              52.249
            ],
            [
              4.829,
              52.25
            ],
            [
              4.83,
              52.25
            ],
            [
              4.831,
              52.25
            ],
            [
              4.832,
              52.25
            ],
            [
              4.833,
              52.25
            ],
            [
              4.834,
              52.25
            ],
            [
              4.835,
              52.25
            ],
            [
              4.836,
              52.25
            ],
            [
              4.837,
              52.25
            ],
            [
              4.838,
              52.25
            ],
            [
              4.839,
              52.25
            ],
            [
              4.84,
              52.25
            ],
            [
              4.841,
              52.25
            ],
            [
              4.841,
              52.251
            ],
            [
              4.842,
              52.251
            ],
            [
              4.843,
              52.251
            ],
            [
              4.844,
              52.251
            ],
            [
              4.845,
              52.251
            ],
            [
              4.846,
              52.251
            ],
            [
              4.847,
              52.251
            ],
            [
              4.847,
              52.252
            ],
            [
              4.848,
              52.252
            ],
            [
              4.849,
              52.252
            ],
            [
              4.85,
              52.252
            ],
            [
              4.85,
              52.253
            ],
            [
              4.851,
              52.253
            ],
            [
              4.852,
              52.253
            ],
            [
              4.852,
              52.254
            ],
            [
              4.853,
              52.254
            ],
            [
              4.853,
              52.255
            ],
            [
              4.853,
              52.256
            ],
            [
              4.852,
              52.256
            ],
            [
              4.852,
              52.257
            ],
            [
              4.851,
              52.257
            ],
            [
              4.85,
              52.257
            ],
            [
              4.849,
              52.258
            ],
            [
              4.848,
              52.258
            ],
            [
              4.847,
              52.258
            ],
            [
              4.846,
              52.258
            ],
            [
              4.846,
              52.259
            ],
            [
              4.845,
              52.259
            ],
            [
              4.844,
              52.259
            ],
            [
              4.843,
              52.259
            ],
            [
              4.842,
              52.259
            ],
            [
              4.841,
              52.259
            ],
            [
              4.841,
              52.26
            ],
            [
              4.84,
              52.26
            ],
            [
              4.839,
              52.26
            ],
            [
              4.838,
              52.26
            ],
            [
              4.837,
              52.26
            ],
            [
              4.836,
              52.26
            ],
            [
              4.835,
              52.26
            ],
            [
              4.834,
              52.26
            ],
            [
              4.833,
              52.26
            ],
            [
              4.832,
              52.261
            ],
            [
              4.831,
              52.261
            ],
            [
              4.83,
              52.261
            ],
            [
              4.829,
              52.261
            ],
            [
              4.828,
              52.261
            ],
            [
              4.827,
              52.261
            ],
            [
              4.826,
              52.261
            ],
            [
              4.825,
              52.261
            ],
            [
              4.825,
              52.262
            ],
            [
              4.824,
              52.262
            ],
            [
              4.823,
              52.262
            ],
            [
              4.822,
              52.262
            ],
            [
              4.821,
              52.262
            ],
            [
              4.82,
              52.262
            ],
            [
              4.82,
              52.263
            ],
            [
              4.819,
              52.263
            ],
            [
              4.818,
              52.263
            ],
            [
              4.817,
              52.263
            ],
            [
              4.816,
              52.263
            ],
            [
              4.816,
              52.264
            ],
            [
              4.815,
              52.264
            ],
            [
              4.814,
              52.264
            ],
            [
              4.813,
              52.264
            ],
            [
              4.813,
              52.265
            ],
            [
              4.812,
              52.265
            ],
            [
              4.811,
              52.265
            ],
            [
              4.81,
              52.266
            ],
            [
              4.809,
              52.266
            ],
            [
              4.808,
              52.267
            ],
            [
              4.807,
              52.267
            ],
            [
              4.807,
              52.268
            ],
            [
              4.806,
              52.268
            ],
            [
              4.806,
              52.269
            ],
            [
              4.805,
              52.269
            ],
            [
              4.804,
              52.27
            ],
            [
              4.804,
              52.271
            ],
            [
              4.803,
              52.271
            ],
            [
              4.803,
              52.272
            ],
            [
              4.802,
              52.272
            ],
            [
              4.802,
              52.273
            ],
            [
              4.802,
              52.274
            ],
            [
              4.801,
              52.274
            ],
            [
              4.801,
              52.275
            ],
            [
              4.801,
              52.276
            ],
            [
              4.8,
              52.276
            ],
            [
              4.8,
              52.277
            ],
            [
              4.8,
              52.278
            ],
            [
              4.8,
              52.279
            ],
            [
              4.8,
              52.28
            ],
            [
              4.799,
              52.28
            ],
            [
              4.799,
              52.281
            ],
            [
              4.799,
              52.282
            ],
            [
              4.799,
              52.283
            ],
            [
              4.799,
              52.284
            ],
            [
              4.799,
              52.285
            ],
            [
              4.799,
              52.286
            ],
            [
              4.799,
              52.287
            ],
            [
              4.798,
              52.287
            ],
            [
              4.798,
              52.288
            ],
            [
              4.798,
              52.289
            ],
            [
              4.798,
              52.29
            ],
            [
              4.798,
              52.291
            ],
            [
              4.798,
              52.292
            ],
            [
              4.798,
              52.293
            ],
            [
              4.798,
              52.294
            ],
            [
              4.798,
              52.295
            ],
            [
              4.798,
              52.296
            ],
            [
              4.798,
              52.297
            ],
            [
              4.798,
              52.298
            ],
            [
              4.798,
              52.299
            ],
            [
              4.798,
              52.3
            ],
            [
              4.797,
              52.3
            ],
            [
              4.797,
              52.301
            ],
            [
              4.797,
              52.302
            ],
            [
              4.797,
              52.303
            ],
            [
              4.797,
              52.304
            ],
            [
              4.797,
              52.305
            ],
            [
              4.797,
              52.306
            ],
            [
              4.798,
              52.306
            ],
            [
              4.799,
              52.307
            ],
            [
              4.8,
              52.307
            ],
            [
              4.801,
              52.307
            ],
            [
              4.801,
              52.308
            ],
            [
              4.802,
              52.308
            ],
            [
              4.803,
              52.308
            ],
            [
              4.804,
              52.309
            ],
            [
              4.805,
              52.309
            ],
            [
              4.806,
              52.309
            ],
            [
              4.807,
              52.309
            ],
            [
              4.808,
              52.309
            ],
            [
              4.809,
              52.31
            ],
            [
              4.81,
              52.31
            ],
            [
              4.811,
              52.31
            ],
            [
              4.812,
              52.31
            ],
            [
              4.813,
              52.31
            ],
            [
              4.814,
              52.31
            ],
            [
              4.814,
              52.311
            ],
            [
              4.815,
              52.311
            ],
            [
              4.816,
              52.311
            ],
            [
              4.817,
              52.311
            ],
            [
              4.818,
              52.311
            ],
            [
              4.819,
              52.311
            ],
            [
              4.819,
              52.312
            ],
            [
              4.82,
              52.312
            ],
            [
              4.821,
              52.312
            ],
            [
              4.822,
              52.312
            ],
            [
              4.823,
              52.312
            ],
            [
              4.824,
              52.312
            ],
            [
              4.824,
              52.313
            ],
            [
              4.825,
              52.313
            ],
            [
              4.826,
              52.313
            ],
            [
              4.827,
              52.313
            ],
            [
              4.828,
              52.313
            ],
            [
              4.829,
              52.313
            ],
            [
              4.83,
              52.313
            ],
            [
              4.83,
              52.314
            ],
            [
              4.831,
              52.314
            ],
            [
              4.832,
              52.314
            ],
            [
              4.833,
              52.314
            ],
            [
              4.834,
              52.314
            ],
            [
              4.835,
              52.314
            ],
            [
              4.836,
              52.314
            ],
            [
              4.837,
              52.314
            ],
            [
              4.838,
              52.314
            ],
            [
              4.839,
              52.315
            ],
            [
              4.84,
              52.315
            ],
            [
              4.841,
              52.315
            ],
            [
              4.842,
              52.315
            ],
            [
              4.843,
              52.315
            ],
            [
              4.844,
              52.315
            ],
            [
              4.845,
              52.315
            ],
            [
              4.846,
              52.315
            ],
            [
              4.847,
              52.315
            ],
            [
              4.848,
              52.315
            ],
            [
              4.849,
              52.315
            ],
            [
              4.85,
              52.315
            ],
            [
              4.851,
              52.315
            ],
            [
              4.852,
              52.315
            ],
            [
              4.853,
              52.315
            ],
            [
              4.854,
              52.315
            ],
            [
              4.855,
              52.315
            ],
            [
              4.856,
              52.315
            ],
            [
              4.857,
              52.315
            ],
            [
              4.858,
              52.316
            ],
            [
              4.859,
              52.316
            ],
            [
              4.86,
              52.316
            ],
            [
              4.861,
              52.316
            ],
            [
              4.862,
              52.316
            ],
            [
              4.863,
              52.316
            ],
            [
              4.864,
              52.316
            ],
            [
              4.865,
              52.316
            ],
            [
              4.866,
              52.316
            ],
            [
              4.867,
              52.316
            ],
            [
              4.868,
              52.316
            ],
            [
              4.869,
              52.316
            ],
            [
              4.87,
              52.316
            ],
            [
              4.871,
              52.316
            ],
            [
              4.872,
              52.316
            ],
            [
              4.873,
              52.316
            ],
            [
              4.874,
              52.316
            ],
            [
              4.875,
              52.316
            ],
            [
              4.876,
              52.316
            ],
            [
              4.877,
              52.316
            ],
            [
              4.878,
              52.316
            ],
            [
              4.879,
              52.316
            ],
            [
              4.88,
              52.317
            ],
            [
              4.881,
              52.317
            ],
            [
              4.882,
              52.317
            ],
            [
              4.883,
              52.317
            ],
            [
              4.884,
              52.317
            ],
            [
              4.885,
              52.317
            ],
            [
              4.886,
              52.317
            ],
            [
              4.887,
              52.317
            ],
            [
              4.888,
              52.317
            ],
            [
              4.889,
              52.317
            ],
            [
              4.89,
              52.317
            ],
            [
              4.89,
              52.318
            ],
            [
              4.891,
              52.318
            ],
            [
              4.892,
              52.318
            ],
            [
              4.893,
              52.318
            ],
            [
              4.894,
              52.318
            ],
            [
              4.895,
              52.318
            ],
            [
              4.896,
              52.318
            ],
            [
              4.897,
              52.318
            ],
            [
              4.898,
              52.318
            ],
            [
              4.899,
              52.318
            ],
            [
              4.9,
              52.319
            ],
            [
              4.901,
              52.319
            ],
            [
              4.902,
              52.319
            ],
            [
              4.903,
              52.319
            ],
            [
              4.904,
              52.319
            ],
            [
              4.905,
              52.319
            ],
            [
              4.906,
              52.319
            ],
            [
              4.907,
              52.319
            ],
            [
              4.907,
              52.32
            ],
            [
              4.908,
              52.32
            ],
            [
              4.909,
              52.32
            ],
            [
              4.91,
              52.32
            ],
            [
              4.911,
              52.32
            ],
            [
              4.912,
              52.32
            ],
            [
              4.912,
              52.321
            ],
            [
              4.913,
              52.321
            ],
            [
              4.914,
              52.321
            ],
            [
              4.915,
              52.321
            ],
            [
              4.915,
              52.322
            ],
            [
              4.916,
              52.322
            ],
            [
              4.915,
              52.323
            ],
            [
              4.914,
              52.323
            ],
            [
              4.913,
              52.323
            ],
            [
              4.913,
              52.324
            ],
            [
              4.912,
              52.324
            ],
            [
              4.911,
              52.324
            ],
            [
              4.91,
              52.324
            ],
            [
              4.909,
              52.324
            ],
            [
              4.908,
              52.324
            ],
            [
              4.907,
              52.324
            ],
            [
              4.906,
              52.324
            ],
            [
              4.905,
              52.324
            ],
            [
              4.905,
              52.325
            ],
            [
              4.904,
              52.325
            ],
            [
              4.903,
              52.325
            ],
            [
              4.902,
              52.325
            ],
            [
              4.901,
              52.325
            ],
            [
              4.9,
              52.325
            ],
            [
              4.899,
              52.325
            ],
            [
              4.898,
              52.325
            ],
            [
              4.897,
              52.325
            ],
            [
              4.896,
              52.325
            ],
            [
              4.895,
              52.325
            ],
            [
              4.894,
              52.325
            ],
            [
              4.893,
              52.325
            ],
            [
              4.892,
              52.325
            ],
            [
              4.891,
              52.325
            ],
            [
              4.89,
              52.325
            ],
            [
              4.889,
              52.325
            ],
            [
              4.888,
              52.325
            ],
            [
              4.887,
              52.325
            ],
            [
              4.886,
              52.325
            ],
            [
              4.885,
              52.325
            ],
            [
              4.884,
              52.325
            ],
            [
              4.883,
              52.325
            ],
            [
              4.882,
              52.325
            ],
            [
              4.881,
              52.325
            ],
            [
              4.88,
              52.325
            ],
            [
              4.879,
              52.325
            ],
            [
              4.878,
              52.325
            ],
            [
              4.877,
              52.325
            ],
            [
              4.876,
              52.325
            ],
            [
              4.875,
              52.325
            ],
            [
              4.874,
              52.325
            ],
            [
              4.873,
              52.325
            ],
            [
              4.872,
              52.325
            ],
            [
              4.871,
              52.325
            ],
            [
              4.87,
              52.325
            ],
            [
              4.869,
              52.325
            ],
            [
              4.868,
              52.325
            ],
            [
              4.867,
              52.325
            ],
            [
              4.866,
              52.325
            ],
            [
              4.865,
              52.325
            ],
            [
              4.864,
              52.325
            ],
            [
              4.863,
              52.325
            ],
            [
              4.862,
              52.325
            ],
            [
              4.861,
              52.325
            ],
            [
              4.86,
              52.325
            ],
            [
              4.859,
              52.325
            ],
            [
              4.858,
              52.325
            ],
            [
              4.857,
              52.325
            ],
            [
              4.856,
              52.325
            ],
            [
              4.855,
              52.325
            ],
            [
              4.854,
              52.325
            ],
            [
              4.853,
              52.325
            ],
            [
              4.852,
              52.325
            ],
            [
              4.851,
              52.325
            ],
            [
              4.85,
              52.325
            ],
            [
              4.849,
              52.325
            ],
            [
              4.848,
              52.325
            ],
            [
              4.847,
              52.325
            ],
            [
              4.846,
              52.325
            ],
            [
              4.845,
              52.325
            ],
            [
              4.844,
              52.325
            ],
            [
              4.843,
              52.325
            ],
            [
              4.842,
              52.325
            ],
            [
              4.841,
              52.325
            ],
            [
              4.84,
              52.325
            ],
            [
              4.839,
              52.325
            ],
            [
              4.838,
              52.325
            ],
            [
              4.837,
              52.325
            ],
            [
              4.836,
              52.325
            ],
            [
              4.835,
              52.325
            ],
            [
              4.834,
              52.325
            ],
            [
              4.833,
              52.325
            ],
            [
              4.832,
              52.325
            ],
            [
              4.831,
              52.325
            ],
            [
              4.83,
              52.325
            ],
            [
              4.829,
              52.325
            ],
            [
              4.829,
              52.326
            ],
            [
              4.828,
              52.326
            ],
            [
              4.827,
              52.326
            ],
            [
              4.827,
              52.327
            ],
            [
              4.827,
              52.328
            ],
            [
              4.828,
              52.328
            ],
            [
              4.828,
              52.329
            ],
            [
              4.829,
              52.329
            ],
            [
              4.829,
              52.33
            ],
            [
              4.83,
              52.33
            ],
            [
              4.83,
              52.331
            ],
            [
              4.831,
              52.331
            ],
            [
              4.831,
              52.332
            ],
            [
              4.832,
              52.332
            ],
            [
              4.832,
              52.333
            ],
            [
              4.833,
              52.333
            ],
            [
              4.833,
              52.334
            ],
            [
              4.834,
              52.334
            ],
            [
              4.834,
              52.335
            ],
            [
              4.835,
              52.335
            ],
            [
              4.835,
              52.336
            ],
            [
              4.836,
              52.336
            ],
            [
              4.836,
              52.337
            ],
            [
              4.835,
              52.337
            ],
            [
              4.834,
              52.337
            ],
            [
              4.834,
              52.336
            ],
            [
              4.833,
              52.336
            ],
            [
              4.832,
              52.336
            ],
            [
              4.832,
              52.335
            ],
            [
              4.831,
              52.335
            ],
            [
              4.83,
              52.335
            ],
            [
              4.83,
              52.334
            ],
            [
              4.829,
              52.334
            ],
            [
              4.828,
              52.334
            ],
            [
              4.828,
              52.333
            ],
            [
              4.827,
              52.333
            ],
            [
              4.826,
              52.333
            ],
            [
              4.826,
              52.332
            ],
            [
              4.825,
              52.332
            ],
            [
              4.824,
              52.331
            ],
            [
              4.823,
              52.331
            ],
            [
              4.823,
              52.33
            ],
            [
              4.822,
              52.33
            ],
            [
              4.821,
              52.33
            ],
            [
              4.821,
              52.329
            ],
            [
              4.82,
              52.329
            ],
            [
              4.819,
              52.329
            ],
            [
              4.819,
              52.328
            ],
            [
              4.818,
              52.328
            ],
            [
              4.817,
              52.328
            ],
            [
              4.817,
              52.327
            ],
            [
              4.816,
              52.327
            ],
            [
              4.815,
              52.327
            ],
            [
              4.815,
              52.326
            ],
            [
              4.814,
              52.326
            ],
            [
              4.813,
              52.326
            ],
            [
              4.812,
              52.326
            ],
            [
              4.811,
              52.326
            ],
            [
              4.81,
              52.326
            ],
            [
              4.809,
              52.326
            ],
            [
              4.809,
              52.325
            ],
            [
              4.808,
              52.325
            ],
            [
              4.807,
              52.325
            ],
            [
              4.806,
              52.325
            ],
            [
              4.805,
              52.325
            ],
            [
              4.804,
              52.325
            ],
            [
              4.803,
              52.325
            ],
            [
              4.802,
              52.326
            ],
            [
              4.801,
              52.326
            ],
            [
              4.8,
              52.326
            ],
            [
              4.799,
              52.326
            ],
            [
              4.798,
              52.326
            ],
            [
              4.797,
              52.326
            ],
            [
              4.796,
              52.326
            ],
            [
              4.795,
              52.326
            ],
            [
              4.794,
              52.326
            ],
            [
              4.793,
              52.326
            ],
            [
              4.792,
              52.326
            ],
            [
              4.791,
              52.326
            ],
            [
              4.79,
              52.326
            ],
            [
              4.789,
              52.326
            ],
            [
              4.788,
              52.326
            ],
            [
              4.787,
              52.326
            ],
            [
              4.786,
              52.326
            ],
            [
              4.785,
              52.326
            ],
            [
              4.785,
              52.325
            ],
            [
              4.784,
              52.325
            ],
            [
              4.783,
              52.325
            ],
            [
              4.782,
              52.325
            ],
            [
              4.782,
              52.324
            ],
            [
              4.781,
              52.324
            ],
            [
              4.78,
              52.324
            ],
            [
              4.779,
              52.324
            ],
            [
              4.778,
              52.325
            ],
            [
              4.777,
              52.325
            ],
            [
              4.776,
              52.325
            ],
            [
              4.775,
              52.326
            ],
            [
              4.774,
              52.326
            ],
            [
              4.773,
              52.326
            ],
            [
              4.772,
              52.326
            ],
            [
              4.771,
              52.326
            ],
            [
              4.77,
              52.326
            ],
            [
              4.769,
              52.326
            ],
            [
              4.768,
              52.326
            ],
            [
              4.768,
              52.325
            ],
            [
              4.767,
              52.325
            ],
            [
              4.766,
              52.325
            ],
            [
              4.766,
              52.324
            ],
            [
              4.765,
              52.324
            ],
            [
              4.764,
              52.324
            ],
            [
              4.763,
              52.324
            ],
            [
              4.762,
              52.324
            ],
            [
              4.761,
              52.324
            ],
            [
              4.76,
              52.324
            ],
            [
              4.759,
              52.324
            ],
            [
              4.758,
              52.324
            ],
            [
              4.757,
              52.324
            ],
            [
              4.756,
              52.324
            ],
            [
              4.756,
              52.325
            ],
            [
              4.755,
              52.325
            ],
            [
              4.755,
              52.326
            ],
            [
              4.755,
              52.327
            ],
            [
              4.756,
              52.327
            ],
            [
              4.756,
              52.328
            ],
            [
              4.756,
              52.329
            ],
            [
              4.756,
              52.33
            ],
            [
              4.756,
              52.331
            ],
            [
              4.756,
              52.332
            ],
            [
              4.756,
              52.333
            ],
            [
              4.756,
              52.334
            ],
            [
              4.757,
              52.334
            ],
            [
              4.757,
              52.335
            ],
            [
              4.757,
              52.336
            ],
            [
              4.757,
              52.337
            ],
            [
              4.757,
              52.338
            ],
            [
              4.758,
              52.339
            ],
            [
              4.758,
              52.34
            ],
            [
              4.758,
              52.341
            ],
            [
              4.759,
              52.342
            ],
            [
              4.759,
              52.343
            ],
            [
              4.759,
              52.344
            ],
            [
              4.76,
              52.344
            ],
            [
              4.76,
              52.345
            ],
            [
              4.76,
              52.346
            ],
            [
              4.761,
              52.346
            ],
            [
              4.761,
              52.347
            ],
            [
              4.761,
              52.348
            ],
            [
              4.762,
              52.348
            ],
            [
              4.762,
              52.349
            ],
            [
              4.762,
              52.35
            ],
            [
              4.763,
              52.35
            ],
            [
              4.763,
              52.351
            ],
            [
              4.763,
              52.352
            ],
            [
              4.764,
              52.352
            ],
            [
              4.764,
              52.353
            ],
            [
              4.764,
              52.354
            ],
            [
              4.765,
              52.354
            ],
            [
              4.765,
              52.355
            ],
            [
              4.765,
              52.356
            ],
            [
              4.766,
              52.356
            ],
            [
              4.766,
              52.357
            ],
            [
              4.766,
              52.358
            ],
            [
              4.767,
              52.358
            ],
            [
              4.767,
              52.359
            ],
            [
              4.767,
              52.36
            ],
            [
              4.768,
              52.36
            ],
            [
              4.768,
              52.361
            ],
            [
              4.769,
              52.362
            ],
            [
              4.769,
              52.363
            ],
            [
              4.77,
              52.363
            ],
            [
              4.77,
              52.364
            ],
            [
              4.77,
              52.365
            ],
            [
              4.771,
              52.365
            ],
            [
              4.771,
              52.366
            ],
            [
              4.771,
              52.367
            ],
            [
              4.772,
              52.367
            ],
            [
              4.772,
              52.368
            ],
            [
              4.772,
              52.369
            ],
            [
              4.772,
              52.37
            ],
            [
              4.771,
              52.37
            ],
            [
              4.771,
              52.371
            ],
            [
              4.77,
              52.371
            ],
            [
              4.769,
              52.371
            ],
            [
              4.768,
              52.371
            ],
            [
              4.767,
              52.371
            ],
            [
              4.766,
              52.371
            ],
            [
              4.765,
              52.371
            ],
            [
              4.764,
              52.371
            ],
            [
              4.763,
              52.371
            ],
            [
              4.762,
              52.37
            ],
            [
              4.761,
              52.37
            ],
            [
              4.76,
              52.37
            ],
            [
              4.759,
              52.37
            ],
            [
              4.758,
              52.37
            ],
            [
              4.757,
              52.37
            ],
            [
              4.756,
              52.37
            ],
            [
              4.755,
              52.37
            ],
            [
              4.755,
              52.371
            ],
            [
              4.755,
              52.372
            ],
            [
              4.754,
              52.372
            ],
            [
              4.754,
              52.373
            ],
            [
              4.754,
              52.374
            ],
            [
              4.754,
              52.375
            ],
            [
              4.754,
              52.376
            ],
            [
              4.754,
              52.377
            ],
            [
              4.754,
              52.378
            ],
            [
              4.754,
              52.379
            ],
            [
              4.754,
              52.38
            ],
            [
              4.754,
              52.381
            ],
            [
              4.754,
              52.382
            ],
            [
              4.754,
              52.383
            ],
            [
              4.754,
              52.384
            ],
            [
              4.754,
              52.385
            ],
            [
              4.754,
              52.386
            ],
            [
              4.754,
              52.387
            ],
            [
              4.754,
              52.388
            ],
            [
              4.754,
              52.389
            ],
            [
              4.754,
              52.39
            ],
            [
              4.754,
              52.391
            ],
            [
              4.754,
              52.392
            ],
            [
              4.754,
              52.393
            ],
            [
              4.754,
              52.394
            ],
            [
              4.754,
              52.395
            ],
            [
              4.754,
              52.396
            ],
            [
              4.754,
              52.397
            ],
            [
              4.754,
              52.398
            ],
            [
              4.754,
              52.399
            ],
            [
              4.754,
              52.4
            ],
            [
              4.754,
              52.401
            ],
            [
              4.754,
              52.402
            ],
            [
              4.754,
              52.403
            ],
            [
              4.754,
              52.404
            ],
            [
              4.754,
              52.405
            ],
            [
              4.754,
              52.406
            ],
            [
              4.754,
              52.407
            ],
            [
              4.754,
              52.408
            ],
            [
              4.754,
              52.409
            ],
            [
              4.754,
              52.41
            ],
            [
              4.754,
              52.411
            ],
            [
              4.754,
              52.412
            ],
            [
              4.754,
              52.413
            ],
            [
              4.754,
              52.414
            ],
            [
              4.754,
              52.415
            ],
            [
              4.754,
              52.416
            ],
            [
              4.754,
              52.417
            ],
            [
              4.754,
              52.418
            ],
            [
              4.754,
              52.419
            ],
            [
              4.754,
              52.42
            ],
            [
              4.754,
              52.421
            ],
            [
              4.754,
              52.422
            ],
            [
              4.754,
              52.423
            ],
            [
              4.754,
              52.424
            ],
            [
              4.754,
              52.425
            ],
            [
              4.754,
              52.426
            ],
            [
              4.754,
              52.427
            ],
            [
              4.753,
              52.427
            ],
            [
              4.753,
              52.428
            ],
            [
              4.753,
              52.429
            ],
            [
              4.753,
              52.43
            ],
            [
              4.752,
              52.431
            ],
            [
              4.752,
              52.432
            ],
            [
              4.752,
              52.433
            ],
            [
              4.752,
              52.434
            ],
            [
              4.751,
              52.434
            ],
            [
              4.751,
              52.435
            ],
            [
              4.751,
              52.436
            ],
            [
              4.751,
              52.437
            ],
            [
              4.751,
              52.438
            ],
            [
              4.75,
              52.438
            ],
            [
              4.75,
              52.439
            ],
            [
              4.75,
              52.44
            ],
            [
              4.75,
              52.441
            ],
            [
              4.749,
              52.441
            ],
            [
              4.749,
              52.442
            ],
            [
              4.749,
              52.443
            ],
            [
              4.749,
              52.444
            ],
            [
              4.748,
              52.444
            ],
            [
              4.748,
              52.445
            ],
            [
              4.748,
              52.446
            ],
            [
              4.747,
              52.446
            ],
            [
              4.747,
              52.447
            ],
            [
              4.746,
              52.447
            ],
            [
              4.746,
              52.448
            ],
            [
              4.745,
              52.448
            ],
            [
              4.745,
              52.449
            ],
            [
              4.744,
              52.449
            ],
            [
              4.744,
              52.45
            ],
            [
              4.743,
              52.45
            ],
            [
              4.743,
              52.451
            ],
            [
              4.742,
              52.451
            ],
            [
              4.742,
              52.452
            ],
            [
              4.742,
              52.453
            ],
            [
              4.741,
              52.453
            ],
            [
              4.741,
              52.454
            ],
            [
              4.741,
              52.455
            ],
            [
              4.741,
              52.456
            ],
            [
              4.74,
              52.456
            ],
            [
              4.74,
              52.457
            ],
            [
              4.74,
              52.458
            ],
            [
              4.74,
              52.459
            ],
            [
              4.74,
              52.46
            ],
            [
              4.74,
              52.461
            ],
            [
              4.74,
              52.462
            ],
            [
              4.74,
              52.463
            ],
            [
              4.739,
              52.463
            ],
            [
              4.739,
              52.464
            ],
            [
              4.739,
              52.465
            ],
            [
              4.739,
              52.466
            ],
            [
              4.739,
              52.467
            ],
            [
              4.739,
              52.468
            ],
            [
              4.739,
              52.469
            ],
            [
              4.739,
              52.47
            ],
            [
              4.739,
              52.471
            ],
            [
              4.739,
              52.472
            ],
            [
              4.739,
              52.473
            ],
            [
              4.739,
              52.474
            ],
            [
              4.739,
              52.475
            ],
            [
              4.739,
              52.476
            ],
            [
              4.739,
              52.477
            ],
            [
              4.739,
              52.478
            ],
            [
              4.739,
              52.479
            ],
            [
              4.739,
              52.48
            ],
            [
              4.739,
              52.481
            ],
            [
              4.739,
              52.482
            ],
            [
              4.739,
              52.483
            ],
            [
              4.739,
              52.484
            ],
            [
              4.739,
              52.485
            ],
            [
              4.739,
              52.486
            ],
            [
              4.739,
              52.487
            ],
            [
              4.739,
              52.488
            ],
            [
              4.739,
              52.489
            ],
            [
              4.739,
              52.49
            ],
            [
              4.739,
              52.491
            ],
            [
              4.739,
              52.492
            ],
            [
              4.739,
              52.493
            ],
            [
              4.739,
              52.494
            ],
            [
              4.739,
              52.495
            ],
            [
              4.739,
              52.496
            ],
            [
              4.739,
              52.497
            ],
            [
              4.739,
              52.498
            ],
            [
              4.739,
              52.499
            ],
            [
              4.739,
              52.5
            ],
            [
              4.739,
              52.501
            ],
            [
              4.739,
              52.502
            ],
            [
              4.739,
              52.503
            ],
            [
              4.739,
              52.504
            ],
            [
              4.739,
              52.505
            ],
            [
              4.738,
              52.505
            ],
            [
              4.738,
              52.506
            ],
            [
              4.738,
              52.507
            ],
            [
              4.738,
              52.508
            ],
            [
              4.738,
              52.509
            ],
            [
              4.738,
              52.51
            ],
            [
              4.738,
              52.511
            ],
            [
              4.738,
              52.512
            ],
            [
              4.738,
              52.513
            ],
            [
              4.738,
              52.514
            ],
            [
              4.738,
              52.515
            ],
            [
              4.738,
              52.516
            ],
            [
              4.738,
              52.517
            ],
            [
              4.738,
              52.518
            ],
            [
              4.738,
              52.519
            ],
            [
              4.738,
              52.52
            ],
            [
              4.737,
              52.521
            ],
            [
              4.737,
              52.522
            ],
            [
              4.737,
              52.523
            ],
            [
              4.737,
              52.524
            ],
            [
              4.737,
              52.525
            ],
            [
              4.737,
              52.526
            ],
            [
              4.736,
              52.527
            ],
            [
              4.736,
              52.528
            ],
            [
              4.736,
              52.529
            ],
            [
              4.736,
              52.53
            ],
            [
              4.735,
              52.53
            ],
            [
              4.735,
              52.531
            ],
            [
              4.735,
              52.532
            ],
            [
              4.735,
              52.533
            ],
            [
              4.734,
              52.533
            ],
            [
              4.734,
              52.534
            ],
            [
              4.734,
              52.535
            ],
            [
              4.733,
              52.536
            ],
            [
              4.733,
              52.537
            ],
            [
              4.732,
              52.537
            ],
            [
              4.732,
              52.538
            ],
            [
              4.732,
              52.539
            ],
            [
              4.731,
              52.539
            ],
            [
              4.731,
              52.54
            ],
            [
              4.73,
              52.54
            ],
            [
              4.73,
              52.541
            ],
            [
              4.729,
              52.541
            ],
            [
              4.729,
              52.542
            ],
            [
              4.728,
              52.542
            ],
            [
              4.727,
              52.542
            ],
            [
              4.726,
              52.543
            ],
            [
              4.725,
              52.543
            ],
            [
              4.724,
              52.543
            ],
            [
              4.724,
              52.542
            ],
            [
              4.723,
              52.542
            ],
            [
              4.722,
              52.542
            ],
            [
              4.722,
              52.541
            ],
            [
              4.721,
              52.541
            ],
            [
              4.721,
              52.54
            ],
            [
              4.72,
              52.54
            ],
            [
              4.72,
              52.539
            ],
            [
              4.72,
              52.538
            ],
            [
              4.719,
              52.538
            ],
            [
              4.719,
              52.537
            ],
            [
              4.719,
              52.536
            ],
            [
              4.719,
              52.535
            ],
            [
              4.719,
              52.534
            ],
            [
              4.719,
              52.533
            ],
            [
              4.718,
              52.533
            ],
            [
              4.718,
              52.532
            ],
            [
              4.718,
              52.531
            ],
            [
              4.718,
              52.53
            ],
            [
              4.718,
              52.529
            ],
            [
              4.718,
              52.528
            ],
            [
              4.717,
              52.527
            ],
            [
              4.717,
              52.526
            ],
            [
              4.717,
              52.525
            ],
            [
              4.717,
              52.524
            ],
            [
              4.717,
              52.523
            ],
            [
              4.716,
              52.523
            ],
            [
              4.716,
              52.522
            ],
            [
              4.716,
              52.521
            ],
            [
              4.716,
              52.52
            ],
            [
              4.716,
              52.519
            ],
            [
              4.715,
              52.518
            ],
            [
              4.715,
              52.517
            ],
            [
              4.715,
              52.516
            ],
            [
              4.715,
              52.515
            ],
            [
              4.714,
              52.514
            ],
            [
              4.714,
              52.513
            ],
            [
              4.714,
              52.512
            ],
            [
              4.714,
              52.511
            ],
            [
              4.713,
              52.51
            ],
            [
              4.713,
              52.509
            ],
            [
              4.713,
              52.508
            ],
            [
              4.713,
              52.507
            ],
            [
              4.713,
              52.506
            ],
            [
              4.712,
              52.506
            ],
            [
              4.712,
              52.505
            ],
            [
              4.712,
              52.504
            ],
            [
              4.712,
              52.503
            ],
            [
              4.712,
              52.502
            ],
            [
              4.711,
              52.502
            ],
            [
              4.711,
              52.501
            ],
            [
              4.711,
              52.5
            ],
            [
              4.711,
              52.499
            ],
            [
              4.711,
              52.498
            ],
            [
              4.711,
              52.497
            ],
            [
              4.71,
              52.497
            ],
            [
              4.71,
              52.496
            ],
            [
              4.71,
              52.495
            ],
            [
              4.71,
              52.494
            ],
            [
              4.71,
              52.493
            ],
            [
              4.71,
              52.492
            ],
            [
              4.71,
              52.491
            ],
            [
              4.709,
              52.491
            ],
            [
              4.709,
              52.49
            ],
            [
              4.709,
              52.489
            ],
            [
              4.709,
              52.488
            ],
            [
              4.709,
              52.487
            ],
            [
              4.709,
              52.486
            ],
            [
              4.709,
              52.485
            ],
            [
              4.708,
              52.485
            ],
            [
              4.708,
              52.484
            ],
            [
              4.708,
              52.483
            ],
            [
              4.708,
              52.482
            ],
            [
              4.708,
              52.481
            ],
            [
              4.708,
              52.48
            ],
            [
              4.708,
              52.479
            ],
            [
              4.707,
              52.479
            ],
            [
              4.707,
              52.478
            ],
            [
              4.707,
              52.477
            ],
            [
              4.707,
              52.476
            ],
            [
              4.707,
              52.475
            ],
            [
              4.707,
              52.474
            ],
            [
              4.707,
              52.473
            ],
            [
              4.706,
              52.473
            ],
            [
              4.706,
              52.472
            ],
            [
              4.706,
              52.471
            ],
            [
              4.706,
              52.47
            ],
            [
              4.706,
              52.469
            ],
            [
              4.706,
              52.468
            ],
            [
              4.705,
              52.468
            ],
            [
              4.705,
              52.467
            ],
            [
              4.705,
              52.466
            ],
            [
              4.705,
              52.465
            ],
            [
              4.705,
              52.464
            ],
            [
              4.704,
              52.463
            ],
            [
              4.704,
              52.462
            ],
            [
              4.704,
              52.461
            ],
            [
              4.704,
              52.46
            ],
            [
              4.703,
              52.46
            ],
            [
              4.703,
              52.459
            ],
            [
              4.703,
              52.458
            ],
            [
              4.703,
              52.457
            ],
            [
              4.702,
              52.457
            ],
            [
              4.702,
              52.456
            ],
            [
              4.702,
              52.455
            ],
            [
              4.701,
              52.455
            ],
            [
              4.701,
              52.454
            ],
            [
              4.701,
              52.453
            ],
            [
              4.7,
              52.453
            ],
            [
              4.7,
              52.452
            ],
            [
              4.699,
              52.451
            ],
            [
              4.699,
              52.45
            ],
            [
              4.698,
              52.45
            ],
            [
              4.698,
              52.449
            ],
            [
              4.698,
              52.448
            ],
            [
              4.697,
              52.448
            ],
            [
              4.697,
              52.447
            ],
            [
              4.697,
              52.446
            ],
            [
              4.697,
              52.445
            ],
            [
              4.696,
              52.445
            ],
            [
              4.696,
              52.444
            ],
            [
              4.696,
              52.443
            ],
            [
              4.696,
              52.442
            ],
            [
              4.696,
              52.441
            ],
            [
              4.696,
              52.44
            ],
            [
              4.696,
              52.439
            ],
            [
              4.696,
              52.438
            ],
            [
              4.696,
              52.437
            ],
            [
              4.696,
              52.436
            ],
            [
              4.697,
              52.436
            ],
            [
              4.697,
              52.435
            ],
            [
              4.697,
              52.434
            ],
            [
              4.697,
              52.433
            ],
            [
              4.697,
              52.432
            ],
            [
              4.697,
              52.431
            ],
            [
              4.697,
              52.43
            ],
            [
              4.697,
              52.429
            ],
            [
              4.697,
              52.428
            ],
            [
              4.697,
              52.427
            ],
            [
              4.697,
              52.426
            ],
            [
              4.697,
              52.425
            ],
            [
              4.697,
              52.424
            ],
            [
              4.697,
              52.423
            ],
            [
              4.696,
              52.422
            ],
            [
              4.696,
              52.421
            ],
            [
              4.696,
              52.42
            ],
            [
              4.696,
              52.419
            ],
            [
              4.696,
              52.418
            ],
            [
              4.696,
              52.417
            ],
            [
              4.696,
              52.416
            ],
            [
              4.696,
              52.415
            ],
            [
              4.696,
              52.414
            ],
            [
              4.695,
              52.414
            ],
            [
              4.695,
              52.413
            ],
            [
              4.695,
              52.412
            ],
            [
              4.695,
              52.411
            ],
            [
              4.695,
              52.41
            ],
            [
              4.695,
              52.409
            ],
            [
              4.695,
              52.408
            ],
            [
              4.695,
              52.407
            ],
            [
              4.694,
              52.407
            ],
            [
              4.694,
              52.406
            ],
            [
              4.694,
              52.405
            ],
            [
              4.694,
              52.404
            ],
            [
              4.694,
              52.403
            ],
            [
              4.694,
              52.402
            ],
            [
              4.694,
              52.401
            ],
            [
              4.694,
              52.4
            ],
            [
              4.694,
              52.399
            ],
            [
              4.693,
              52.399
            ],
            [
              4.693,
              52.398
            ],
            [
              4.693,
              52.397
            ],
            [
              4.693,
              52.396
            ],
            [
              4.693,
              52.395
            ],
            [
              4.693,
              52.394
            ],
            [
              4.693,
              52.393
            ],
            [
              4.693,
              52.392
            ],
            [
              4.693,
              52.391
            ],
            [
              4.692,
              52.391
            ],
            [
              4.692,
              52.39
            ],
            [
              4.692,
              52.389
            ],
            [
              4.692,
              52.388
            ],
            [
              4.692,
              52.387
            ],
            [
              4.692,
              52.386
            ],
            [
              4.692,
              52.385
            ],
            [
              4.692,
              52.384
            ],
            [
              4.691,
              52.383
            ],
            [
              4.691,
              52.382
            ],
            [
              4.691,
              52.381
            ],
            [
              4.691,
              52.38
            ],
            [
              4.691,
              52.379
            ],
            [
              4.691,
              52.378
            ],
            [
              4.691,
              52.377
            ],
            [
              4.69,
              52.377
            ],
            [
              4.69,
              52.376
            ],
            [
              4.69,
              52.375
            ],
            [
              4.69,
              52.374
            ],
            [
              4.69,
              52.373
            ],
            [
              4.69,
              52.372
            ],
            [
              4.69,
              52.371
            ],
            [
              4.69,
              52.37
            ],
            [
              4.69,
              52.369
            ],
            [
              4.69,
              52.368
            ],
            [
              4.69,
              52.367
            ],
            [
              4.69,
              52.366
            ],
            [
              4.69,
              52.365
            ],
            [
              4.69,
              52.364
            ],
            [
              4.69,
              52.363
            ],
            [
              4.69,
              52.362
            ],
            [
              4.69,
              52.361
            ],
            [
              4.69,
              52.36
            ],
            [
              4.69,
              52.359
            ],
            [
              4.691,
              52.359
            ],
            [
              4.691,
              52.358
            ],
            [
              4.691,
              52.357
            ],
            [
              4.691,
              52.356
            ],
            [
              4.691,
              52.355
            ],
            [
              4.692,
              52.355
            ],
            [
              4.692,
              52.354
            ],
            [
              4.692,
              52.353
            ],
            [
              4.692,
              52.352
            ],
            [
              4.693,
              52.352
            ],
            [
              4.693,
              52.351
            ],
            [
              4.693,
              52.35
            ],
            [
              4.694,
              52.35
            ],
            [
              4.694,
              52.349
            ],
            [
              4.694,
              52.348
            ],
            [
              4.695,
              52.348
            ],
            [
              4.695,
              52.347
            ],
            [
              4.695,
              52.346
            ],
            [
              4.696,
              52.346
            ],
            [
              4.696,
              52.345
            ],
            [
              4.696,
              52.344
            ],
            [
              4.697,
              52.344
            ],
            [
              4.697,
              52.343
            ],
            [
              4.697,
              52.342
            ],
            [
              4.697,
              52.341
            ],
            [
              4.697,
              52.34
            ],
            [
              4.697,
              52.339
            ],
            [
              4.697,
              52.338
            ],
            [
              4.697,
              52.337
            ],
            [
              4.696,
              52.337
            ],
            [
              4.696,
              52.336
            ],
            [
              4.696,
              52.335
            ],
            [
              4.695,
              52.335
            ],
            [
              4.695,
              52.334
            ],
            [
              4.694,
              52.333
            ],
            [
              4.694,
              52.332
            ],
            [
              4.694,
              52.331
            ],
            [
              4.694,
              52.33
            ],
            [
              4.694,
              52.329
            ],
            [
              4.694,
              52.328
            ],
            [
              4.694,
              52.327
            ],
            [
              4.695,
              52.327
            ],
            [
              4.695,
              52.326
            ],
            [
              4.695,
              52.325
            ],
            [
              4.696,
              52.325
            ],
            [
              4.697,
              52.325
            ],
            [
              4.697,
              52.324
            ],
            [
              4.698,
              52.324
            ],
            [
              4.699,
              52.324
            ],
            [
              4.7,
              52.324
            ],
            [
              4.701,
              52.324
            ],
            [
              4.702,
              52.324
            ],
            [
              4.703,
              52.325
            ],
            [
              4.704,
              52.325
            ],
            [
              4.705,
              52.325
            ],
            [
              4.706,
              52.326
            ],
            [
              4.707,
              52.326
            ],
            [
              4.708,
              52.326
            ],
            [
              4.709,
              52.326
            ],
            [
              4.71,
              52.326
            ],
            [
              4.711,
              52.326
            ],
            [
              4.711,
              52.325
            ],
            [
              4.712,
              52.325
            ],
            [
              4.713,
              52.324
            ],
            [
              4.714,
              52.324
            ],
            [
              4.715,
              52.324
            ],
            [
              4.715,
              52.323
            ],
            [
              4.716,
              52.323
            ],
            [
              4.717,
              52.323
            ],
            [
              4.718,
              52.323
            ],
            [
              4.718,
              52.322
            ],
            [
              4.719,
              52.322
            ],
            [
              4.72,
              52.322
            ],
            [
              4.721,
              52.322
            ],
            [
              4.721,
              52.321
            ],
            [
              4.722,
              52.321
            ],
            [
              4.723,
              52.32
            ],
            [
              4.724,
              52.32
            ],
            [
              4.724,
              52.319
            ],
            [
              4.725,
              52.318
            ],
            [
              4.725,
              52.317
            ],
            [
              4.726,
              52.317
            ],
            [
              4.726,
              52.316
            ],
            [
              4.726,
              52.315
            ],
            [
              4.727,
              52.315
            ],
            [
              4.727,
              52.314
            ],
            [
              4.727,
              52.313
            ],
            [
              4.727,
              52.312
            ],
            [
              4.727,
              52.311
            ],
            [
              4.726,
              52.311
            ],
            [
              4.726,
              52.31
            ],
            [
              4.726,
              52.309
            ],
            [
              4.725,
              52.309
            ],
            [
              4.725,
              52.308
            ],
            [
              4.725,
              52.307
            ],
            [
              4.724,
              52.307
            ],
            [
              4.724,
              52.306
            ],
            [
              4.723,
              52.306
            ],
            [
              4.723,
              52.305
            ],
            [
              4.722,
              52.305
            ],
            [
              4.722,
              52.304
            ],
            [
              4.721,
              52.304
            ],
            [
              4.721,
              52.303
            ],
            [
              4.72,
              52.303
            ],
            [
              4.72,
              52.302
            ],
            [
              4.719,
              52.302
            ],
            [
              4.719,
              52.301
            ],
            [
              4.718,
              52.301
            ],
            [
              4.717,
              52.3
            ],
            [
              4.716,
              52.3
            ],
            [
              4.715,
              52.299
            ],
            [
              4.714,
              52.299
            ],
            [
              4.713,
              52.298
            ],
            [
              4.712,
              52.298
            ],
            [
              4.711,
              52.298
            ],
            [
              4.711,
              52.297
            ],
            [
              4.71,
              52.297
            ],
            [
              4.709,
              52.297
            ],
            [
              4.709,
              52.296
            ],
            [
              4.708,
              52.296
            ],
            [
              4.707,
              52.296
            ],
            [
              4.707,
              52.295
            ],
            [
              4.706,
              52.295
            ],
            [
              4.705,
              52.295
            ],
            [
              4.704,
              52.295
            ],
            [
              4.704,
              52.294
            ],
            [
              4.703,
              52.294
            ],
            [
              4.702,
              52.294
            ],
            [
              4.702,
              52.293
            ],
            [
              4.701,
              52.293
            ],
            [
              4.7,
              52.293
            ],
            [
              4.7,
              52.292
            ],
            [
              4.699,
              52.292
            ],
            [
              4.698,
              52.292
            ],
            [
              4.698,
              52.291
            ],
            [
              4.697,
              52.291
            ],
            [
              4.696,
              52.291
            ],
            [
              4.695,
              52.29
            ],
            [
              4.694,
              52.29
            ],
            [
              4.693,
              52.29
            ],
            [
              4.693,
              52.289
            ],
            [
              4.692,
              52.289
            ],
            [
              4.691,
              52.289
            ],
            [
              4.691,
              52.288
            ],
            [
              4.69,
              52.288
            ],
            [
              4.689,
              52.288
            ],
            [
              4.689,
              52.287
            ],
            [
              4.688,
              52.287
            ],
            [
              4.687,
              52.287
            ],
            [
              4.687,
              52.286
            ],
            [
              4.686,
              52.286
            ],
            [
              4.685,
              52.286
            ],
            [
              4.684,
              52.285
            ],
            [
              4.683,
              52.285
            ],
            [
              4.682,
              52.285
            ],
            [
              4.682,
              52.284
            ],
            [
              4.681,
              52.284
            ],
            [
              4.68,
              52.284
            ],
            [
              4.68,
              52.283
            ],
            [
              4.679,
              52.283
            ],
            [
              4.678,
              52.283
            ],
            [
              4.677,
              52.282
            ],
            [
              4.676,
              52.282
            ],
            [
              4.675,
              52.282
            ],
            [
              4.674,
              52.281
            ],
            [
              4.673,
              52.281
            ],
            [
              4.672,
              52.281
            ],
            [
              4.671,
              52.28
            ],
            [
              4.67,
              52.28
            ],
            [
              4.669,
              52.28
            ],
            [
              4.668,
              52.28
            ],
            [
              4.668,
              52.279
            ],
            [
              4.667,
              52.279
            ],
            [
              4.666,
              52.279
            ],
            [
              4.665,
              52.279
            ],
            [
              4.664,
              52.279
            ],
            [
              4.664,
              52.278
            ],
            [
              4.663,
              52.278
            ],
            [
              4.662,
              52.278
            ],
            [
              4.661,
              52.278
            ],
            [
              4.661,
              52.277
            ],
            [
              4.66,
              52.277
            ],
            [
              4.659,
              52.276
            ],
            [
              4.658,
              52.275
            ],
            [
              4.658,
              52.274
            ],
            [
              4.657,
              52.274
            ],
            [
              4.657,
              52.273
            ],
            [
              4.656,
              52.273
            ],
            [
              4.656,
              52.272
            ],
            [
              4.655,
              52.272
            ],
            [
              4.655,
              52.271
            ],
            [
              4.654,
              52.27
            ],
            [
              4.654,
              52.269
            ],
            [
              4.653,
              52.269
            ],
            [
              4.653,
              52.268
            ],
            [
              4.652,
              52.268
            ],
            [
              4.652,
              52.267
            ],
            [
              4.651,
              52.267
            ],
            [
              4.65,
              52.266
            ],
            [
              4.649,
              52.266
            ],
            [
              4.649,
              52.265
            ],
            [
              4.648,
              52.265
            ],
            [
              4.647,
              52.264
            ],
            [
              4.646,
              52.264
            ],
            [
              4.646,
              52.263
            ],
            [
              4.645,
              52.263
            ],
            [
              4.644,
              52.263
            ],
            [
              4.644,
              52.262
            ],
            [
              4.643,
              52.262
            ],
            [
              4.642,
              52.262
            ],
            [
              4.642,
              52.261
            ],
            [
              4.641,
              52.261
            ],
            [
              4.64,
              52.261
            ],
            [
              4.64,
              52.26
            ],
            [
              4.639,
              52.26
            ],
            [
              4.638,
              52.26
            ],
            [
              4.638,
              52.259
            ],
            [
              4.637,
              52.259
            ],
            [
              4.636,
              52.259
            ],
            [
              4.636,
              52.258
            ],
            [
              4.635,
              52.258
            ],
            [
              4.634,
              52.258
            ],
            [
              4.634,
              52.257
            ],
            [
              4.633,
              52.257
            ],
            [
              4.632,
              52.257
            ],
            [
              4.631,
              52.257
            ],
            [
              4.631,
              52.256
            ],
            [
              4.63,
              52.256
            ],
            [
              4.629,
              52.256
            ],
            [
              4.629,
              52.255
            ],
            [
              4.628,
              52.255
            ],
            [
              4.627,
              52.255
            ],
            [
              4.627,
              52.254
            ],
            [
              4.626,
              52.254
            ],
            [
              4.625,
              52.254
            ],
            [
              4.624,
              52.253
            ],
            [
              4.623,
              52.253
            ],
            [
              4.622,
              52.253
            ],
            [
              4.622,
              52.252
            ],
            [
              4.621,
              52.252
            ],
            [
              4.62,
              52.252
            ],
            [
              4.619,
              52.251
            ],
            [
              4.618,
              52.251
            ],
            [
              4.617,
              52.251
            ],
            [
              4.617,
              52.25
            ],
            [
              4.616,
              52.25
            ],
            [
              4.615,
              52.25
            ],
            [
              4.615,
              52.249
            ],
            [
              4.614,
              52.249
            ],
            [
              4.613,
              52.249
            ],
            [
              4.612,
              52.249
            ],
            [
              4.612,
              52.248
            ],
            [
              4.611,
              52.248
            ],
            [
              4.61,
              52.248
            ],
            [
              4.609,
              52.247
            ],
            [
              4.608,
              52.247
            ],
            [
              4.607,
              52.247
            ],
            [
              4.607,
              52.246
            ],
            [
              4.606,
              52.246
            ],
            [
              4.605,
              52.246
            ],
            [
              4.605,
              52.245
            ],
            [
              4.604,
              52.245
            ],
            [
              4.603,
              52.245
            ],
            [
              4.602,
              52.245
            ],
            [
              4.602,
              52.244
            ],
            [
              4.601,
              52.244
            ],
            [
              4.6,
              52.244
            ],
            [
              4.599,
              52.244
            ],
            [
              4.599,
              52.243
            ],
            [
              4.598,
              52.243
            ],
            [
              4.597,
              52.243
            ],
            [
              4.597,
              52.242
            ],
            [
              4.596,
              52.242
            ],
            [
              4.595,
              52.242
            ],
            [
              4.594,
              52.242
            ],
            [
              4.594,
              52.241
            ],
            [
              4.593,
              52.241
            ],
            [
              4.592,
              52.241
            ],
            [
              4.591,
              52.24
            ],
            [
              4.59,
              52.24
            ],
            [
              4.589,
              52.24
            ],
            [
              4.589,
              52.239
            ],
            [
              4.588,
              52.239
            ],
            [
              4.587,
              52.239
            ],
            [
              4.586,
              52.239
            ],
            [
              4.586,
              52.238
            ],
            [
              4.585,
              52.238
            ],
            [
              4.584,
              52.238
            ],
            [
              4.583,
              52.237
            ],
            [
              4.582,
              52.237
            ],
            [
              4.581,
              52.237
            ],
            [
              4.581,
              52.236
            ],
            [
              4.58,
              52.236
            ],
            [
              4.579,
              52.236
            ],
            [
              4.578,
              52.236
            ],
            [
              4.578,
              52.235
            ],
            [
              4.577,
              52.235
            ],
            [
              4.576,
              52.235
            ],
            [
              4.575,
              52.234
            ],
            [
              4.574,
              52.234
            ],
            [
              4.574,
              52.233
            ],
            [
              4.573,
              52.233
            ],
            [
              4.572,
              52.233
            ],
            [
              4.571,
              52.232
            ],
            [
              4.57,
              52.232
            ],
            [
              4.57,
              52.231
            ],
            [
              4.569,
              52.231
            ],
            [
              4.568,
              52.231
            ],
            [
              4.568,
              52.23
            ],
            [
              4.567,
              52.23
            ],
            [
              4.566,
              52.23
            ],
            [
              4.566,
              52.229
            ],
            [
              4.565,
              52.229
            ],
            [
              4.564,
              52.228
            ],
            [
              4.563,
              52.228
            ],
            [
              4.562,
              52.227
            ],
            [
              4.561,
              52.227
            ],
            [
              4.561,
              52.226
            ],
            [
              4.56,
              52.226
            ],
            [
              4.56,
              52.225
            ],
            [
              4.559,
              52.225
            ],
            [
              4.558,
              52.225
            ],
            [
              4.558,
              52.224
            ],
            [
              4.557,
              52.224
            ],
            [
              4.557,
              52.223
            ],
            [
              4.556,
              52.223
            ],
            [
              4.555,
              52.222
            ],
            [
              4.554,
              52.222
            ],
            [
              4.554,
              52.221
            ],
            [
              4.553,
              52.22
            ],
            [
              4.553,
              52.219
            ],
            [
              4.554,
              52.218
            ],
            [
              4.555,
              52.218
            ],
            [
              4.556,
              52.218
            ],
            [
              4.557,
              52.218
            ],
            [
              4.558,
              52.218
            ],
            [
              4.559,
              52.218
            ],
            [
              4.56,
              52.218
            ],
            [
              4.561,
              52.218
            ],
            [
              4.562,
              52.218
            ],
            [
              4.563,
              52.218
            ],
            [
              4.563,
              52.219
            ],
            [
              4.564,
              52.219
            ],
            [
              4.565,
              52.219
            ],
            [
              4.566,
              52.219
            ],
            [
              4.567,
              52.219
            ],
            [
              4.568,
              52.219
            ],
            [
              4.568,
              52.22
            ],
            [
              4.569,
              52.22
            ],
            [
              4.57,
              52.22
            ],
            [
              4.571,
              52.22
            ],
            [
              4.572,
              52.22
            ],
            [
              4.573,
              52.22
            ],
            [
              4.573,
              52.221
            ],
            [
              4.574,
              52.221
            ],
            [
              4.575,
              52.221
            ],
            [
              4.576,
              52.221
            ],
            [
              4.577,
              52.222
            ],
            [
              4.578,
              52.222
            ],
            [
              4.579,
              52.222
            ],
            [
              4.58,
              52.222
            ],
            [
              4.581,
              52.223
            ],
            [
              4.582,
              52.223
            ],
            [
              4.583,
              52.223
            ],
            [
              4.584,
              52.223
            ],
            [
              4.584,
              52.224
            ],
            [
              4.585,
              52.224
            ],
            [
              4.586,
              52.224
            ],
            [
              4.587,
              52.224
            ],
            [
              4.588,
              52.224
            ],
            [
              4.588,
              52.225
            ],
            [
              4.589,
              52.225
            ],
            [
              4.59,
              52.225
            ],
            [
              4.591,
              52.225
            ],
            [
              4.592,
              52.226
            ],
            [
              4.593,
              52.226
            ],
            [
              4.594,
              52.226
            ],
            [
              4.595,
              52.226
            ],
            [
              4.595,
              52.227
            ],
            [
              4.596,
              52.227
            ],
            [
              4.597,
              52.227
            ],
            [
              4.598,
              52.227
            ],
            [
              4.599,
              52.227
            ],
            [
              4.599,
              52.228
            ],
            [
              4.6,
              52.228
            ],
            [
              4.601,
              52.228
            ],
            [
              4.602,
              52.228
            ],
            [
              4.602,
              52.229
            ],
            [
              4.603,
              52.229
            ],
            [
              4.604,
              52.229
            ],
            [
              4.605,
              52.229
            ],
            [
              4.606,
              52.229
            ],
            [
              4.606,
              52.23
            ],
            [
              4.607,
              52.23
            ],
            [
              4.608,
              52.23
            ],
            [
              4.609,
              52.23
            ],
            [
              4.61,
              52.23
            ],
            [
              4.61,
              52.231
            ],
            [
              4.611,
              52.231
            ],
            [
              4.612,
              52.231
            ],
            [
              4.613,
              52.231
            ],
            [
              4.614,
              52.231
            ],
            [
              4.614,
              52.232
            ],
            [
              4.615,
              52.232
            ],
            [
              4.616,
              52.232
            ],
            [
              4.617,
              52.232
            ],
            [
              4.618,
              52.232
            ],
            [
              4.618,
              52.233
            ],
            [
              4.619,
              52.233
            ],
            [
              4.62,
              52.233
            ],
            [
              4.621,
              52.233
            ],
            [
              4.622,
              52.233
            ],
            [
              4.622,
              52.234
            ],
            [
              4.623,
              52.234
            ],
            [
              4.624,
              52.234
            ],
            [
              4.625,
              52.234
            ],
            [
              4.626,
              52.234
            ],
            [
              4.627,
              52.235
            ],
            [
              4.628,
              52.235
            ],
            [
              4.629,
              52.235
            ],
            [
              4.63,
              52.235
            ],
            [
              4.631,
              52.235
            ],
            [
              4.631,
              52.236
            ],
            [
              4.632,
              52.236
            ],
            [
              4.633,
              52.236
            ],
            [
              4.634,
              52.236
            ],
            [
              4.635,
              52.236
            ],
            [
              4.636,
              52.236
            ],
            [
              4.636,
              52.237
            ],
            [
              4.637,
              52.237
            ],
            [
              4.638,
              52.237
            ],
            [
              4.639,
              52.237
            ],
            [
              4.64,
              52.237
            ],
            [
              4.641,
              52.237
            ],
            [
              4.641,
              52.238
            ],
            [
              4.642,
              52.238
            ],
            [
              4.643,
              52.238
            ],
            [
              4.644,
              52.238
            ],
            [
              4.645,
              52.238
            ],
            [
              4.646,
              52.238
            ],
            [
              4.647,
              52.238
            ],
            [
              4.648,
              52.239
            ],
            [
              4.649,
              52.239
            ],
            [
              4.65,
              52.239
            ],
            [
              4.651,
              52.239
            ],
            [
              4.652,
              52.239
            ],
            [
              4.653,
              52.239
            ],
            [
              4.654,
              52.239
            ],
            [
              4.655,
              52.239
            ],
            [
              4.656,
              52.24
            ],
            [
              4.657,
              52.24
            ],
            [
              4.658,
              52.24
            ],
            [
              4.659,
              52.24
            ],
            [
              4.66,
              52.24
            ],
            [
              4.661,
              52.24
            ],
            [
              4.662,
              52.24
            ],
            [
              4.662,
              52.239
            ],
            [
              4.663,
              52.239
            ],
            [
              4.664,
              52.239
            ],
            [
              4.665,
              52.239
            ],
            [
              4.666,
              52.239
            ],
            [
              4.667,
              52.239
            ],
            [
              4.667,
              52.238
            ],
            [
              4.668,
              52.238
            ],
            [
              4.669,
              52.238
            ],
            [
              4.67,
              52.238
            ],
            [
              4.67,
              52.237
            ],
            [
              4.671,
              52.237
            ],
            [
              4.672,
              52.237
            ],
            [
              4.673,
              52.236
            ],
            [
              4.674,
              52.236
            ],
            [
              4.675,
              52.235
            ],
            [
              4.676,
              52.235
            ],
            [
              4.677,
              52.234
            ],
            [
              4.678,
              52.234
            ],
            [
              4.679,
              52.233
            ],
            [
              4.68,
              52.233
            ],
            [
              4.681,
              52.233
            ],
            [
              4.681,
              52.232
            ],
            [
              4.682,
              52.232
            ],
            [
              4.683,
              52.231
            ],
            [
              4.684,
              52.231
            ],
            [
              4.685,
              52.23
            ],
            [
              4.686,
              52.23
            ],
            [
              4.687,
              52.229
            ],
            [
              4.688,
              52.229
            ],
            [
              4.689,
              52.228
            ],
            [
              4.69,
              52.228
            ],
            [
              4.691,
              52.228
            ],
            [
              4.691,
              52.227
            ],
            [
              4.692,
              52.227
            ],
            [
              4.693,
              52.227
            ],
            [
              4.693,
              52.226
            ],
            [
              4.694,
              52.226
            ],
            [
              4.695,
              52.226
            ],
            [
              4.695,
              52.225
            ],
            [
              4.696,
              52.225
            ],
            [
              4.697,
              52.225
            ],
            [
              4.698,
              52.225
            ],
            [
              4.698,
              52.224
            ],
            [
              4.699,
              52.224
            ],
            [
              4.7,
              52.224
            ],
            [
              4.701,
              52.224
            ],
            [
              4.702,
              52.223
            ],
            [
              4.703,
              52.223
            ],
            [
              4.704,
              52.223
            ],
            [
              4.705,
              52.223
            ],
            [
              4.706,
              52.222
            ],
            [
              4.707,
              52.222
            ],
            [
              4.708,
              52.222
            ],
            [
              4.709,
              52.222
            ],
            [
              4.71,
              52.222
            ],
            [
              4.711,
              52.221
            ],
            [
              4.712,
              52.221
            ],
            [
              4.713,
              52.221
            ],
            [
              4.714,
              52.221
            ],
            [
              4.715,
              52.221
            ],
            [
              4.715,
              52.22
            ],
            [
              4.716,
              52.22
            ],
            [
              4.717,
              52.22
            ],
            [
              4.718,
              52.219
            ],
            [
              4.719,
              52.219
            ],
            [
              4.719,
              52.218
            ],
            [
              4.72,
              52.218
            ],
            [
              4.72,
              52.217
            ],
            [
              4.721,
              52.217
            ],
            [
              4.721,
              52.216
            ],
            [
              4.722,
              52.216
            ],
            [
              4.722,
              52.215
            ],
            [
              4.723,
              52.215
            ],
            [
              4.723,
              52.214
            ],
            [
              4.724,
              52.214
            ],
            [
              4.724,
              52.213
            ],
            [
              4.725,
              52.213
            ],
            [
              4.725,
              52.212
            ],
            [
              4.726,
              52.212
            ],
            [
              4.726,
              52.211
            ],
            [
              4.727,
              52.211
            ],
            [
              4.728,
              52.211
            ],
            [
              4.729,
              52.211
            ],
            [
              4.73,
              52.211
            ],
            [
              4.731,
              52.211
            ],
            [
              4.732,
              52.211
            ],
            [
              4.733,
              52.212
            ],
            [
              4.734,
              52.212
            ],
            [
              4.734,
              52.213
            ],
            [
              4.735,
              52.213
            ],
            [
              4.735,
              52.214
            ],
            [
              4.736,
              52.214
            ],
            [
              4.736,
              52.215
            ],
            [
              4.736,
              52.216
            ],
            [
              4.737,
              52.216
            ],
            [
              4.737,
              52.217
            ],
            [
              4.737,
              52.218
            ],
            [
              4.737,
              52.219
            ],
            [
              4.737,
              52.22
            ],
            [
              4.737,
              52.221
            ],
            [
              4.737,
              52.222
            ],
            [
              4.737,
              52.223
            ],
            [
              4.737,
              52.224
            ],
            [
              4.736,
              52.224
            ],
            [
              4.736,
              52.225
            ],
            [
              4.736,
              52.226
            ],
            [
              4.736,
              52.227
            ],
            [
              4.736,
              52.228
            ],
            [
              4.735,
              52.228
            ],
            [
              4.735,
              52.229
            ],
            [
              4.735,
              52.23
            ],
            [
              4.735,
              52.231
            ],
            [
              4.735,
              52.232
            ],
            [
              4.735,
              52.233
            ],
            [
              4.735,
              52.234
            ],
            [
              4.735,
              52.235
            ],
            [
              4.735,
              52.236
            ],
            [
              4.735,
              52.237
            ],
            [
              4.735,
              52.238
            ],
            [
              4.735,
              52.239
            ],
            [
              4.736,
              52.239
            ],
            [
              4.736,
              52.24
            ],
            [
              4.736,
              52.241
            ],
            [
              4.736,
              52.242
            ],
            [
              4.736,
              52.243
            ],
            [
              4.737,
              52.243
            ],
            [
              4.737,
              52.244
            ],
            [
              4.737,
              52.245
            ],
            [
              4.737,
              52.246
            ],
            [
              4.737,
              52.247
            ],
            [
              4.738,
              52.247
            ],
            [
              4.738,
              52.248
            ],
            [
              4.738,
              52.249
            ],
            [
              4.738,
              52.25
            ],
            [
              4.738,
              52.251
            ],
            [
              4.739,
              52.251
            ],
            [
              4.739,
              52.252
            ],
            [
              4.739,
              52.253
            ],
            [
              4.739,
              52.254
            ],
            [
              4.739,
              52.255
            ],
            [
              4.74,
              52.255
            ],
            [
              4.74,
              52.256
            ],
            [
              4.74,
              52.257
            ],
            [
              4.74,
              52.258
            ],
            [
              4.741,
              52.259
            ],
            [
              4.741,
              52.26
            ],
            [
              4.741,
              52.261
            ],
            [
              4.742,
              52.262
            ],
            [
              4.742,
              52.263
            ],
            [
              4.742,
              52.264
            ],
            [
              4.743,
              52.264
            ],
            [
              4.743,
              52.265
            ],
            [
              4.743,
              52.266
            ],
            [
              4.744,
              52.266
            ],
            [
              4.744,
              52.267
            ],
            [
              4.744,
              52.268
            ],
            [
              4.745,
              52.268
            ],
            [
              4.745,
              52.269
            ],
            [
              4.746,
              52.269
            ],
            [
              4.746,
              52.27
            ],
            [
              4.747,
              52.27
            ],
            [
              4.747,
              52.271
            ],
            [
              4.748,
              52.271
            ],
            [
              4.749,
              52.272
            ],
            [
              4.75,
              52.272
            ],
            [
              4.751,
              52.273
            ],
            [
              4.752,
              52.273
            ],
            [
              4.753,
              52.273
            ],
            [
              4.754,
              52.273
            ],
            [
              4.755,
              52.273
            ],
            [
              4.756,
              52.273
            ],
            [
              4.756,
              52.272
            ],
            [
              4.757,
              52.272
            ],
            [
              4.758,
              52.271
            ],
            [
              4.759,
              52.27
            ],
            [
              4.759,
              52.269
            ],
            [
              4.76,
              52.269
            ],
            [
              4.76,
              52.268
            ],
            [
              4.761,
              52.268
            ],
            [
              4.761,
              52.267
            ],
            [
              4.762,
              52.266
            ],
            [
              4.762,
              52.265
            ],
            [
              4.763,
              52.265
            ],
            [
              4.763,
              52.264
            ],
            [
              4.763,
              52.263
            ],
            [
              4.764,
              52.262
            ],
            [
              4.764,
              52.261
            ],
            [
              4.764,
              52.26
            ],
            [
              4.765,
              52.26
            ],
            [
              4.765,
              52.259
            ],
            [
              4.765,
              52.258
            ],
            [
              4.765,
              52.257
            ],
            [
              4.765,
              52.256
            ],
            [
              4.765,
              52.255
            ],
            [
              4.766,
              52.255
            ],
            [
              4.766,
              52.254
            ],
            [
              4.766,
              52.253
            ],
            [
              4.766,
              52.252
            ],
            [
              4.766,
              52.251
            ],
            [
              4.766,
              52.25
            ],
            [
              4.766,
              52.249
            ],
            [
              4.766,
              52.248
            ],
            [
              4.766,
              52.247
            ],
            [
              4.766,
              52.246
            ],
            [
              4.766,
              52.245
            ],
            [
              4.766,
              52.244
            ],
            [
              4.766,
              52.243
            ],
            [
              4.766,
              52.242
            ],
            [
              4.766,
              52.241
            ],
            [
              4.766,
              52.24
            ],
            [
              4.766,
              52.239
            ],
            [
              4.766,
              52.238
            ],
            [
              4.766,
              52.237
            ],
            [
              4.766,
              52.236
            ],
            [
              4.766,
              52.235
            ],
            [
              4.766,
              52.234
            ],
            [
              4.766,
              52.233
            ],
            [
              4.766,
              52.232
            ],
            [
              4.766,
              52.231
            ],
            [
              4.766,
              52.23
            ],
            [
              4.766,
              52.229
            ],
            [
              4.766,
              52.228
            ],
            [
              4.766,
              52.227
            ],
            [
              4.766,
              52.226
            ],
            [
              4.766,
              52.225
            ],
            [
              4.765,
              52.225
            ],
            [
              4.765,
              52.224
            ],
            [
              4.765,
              52.223
            ],
            [
              4.765,
              52.222
            ],
            [
              4.765,
              52.221
            ],
            [
              4.765,
              52.22
            ],
            [
              4.765,
              52.219
            ],
            [
              4.765,
              52.218
            ],
            [
              4.764,
              52.217
            ],
            [
              4.764,
              52.216
            ],
            [
              4.764,
              52.215
            ],
            [
              4.764,
              52.214
            ],
            [
              4.764,
              52.213
            ],
            [
              4.764,
              52.212
            ],
            [
              4.763,
              52.212
            ],
            [
              4.763,
              52.211
            ],
            [
              4.763,
              52.21
            ],
            [
              4.763,
              52.209
            ],
            [
              4.763,
              52.208
            ],
            [
              4.763,
              52.207
            ],
            [
              4.763,
              52.206
            ],
            [
              4.764,
              52.206
            ],
            [
              4.764,
              52.205
            ],
            [
              4.764,
              52.204
            ],
            [
              4.764,
              52.203
            ],
            [
              4.764,
              52.202
            ],
            [
              4.765,
              52.202
            ],
            [
              4.765,
              52.201
            ],
            [
              4.765,
              52.2
            ],
            [
              4.766,
              52.2
            ],
            [
              4.766,
              52.199
            ],
            [
              4.767,
              52.199
            ],
            [
              4.767,
              52.198
            ],
            [
              4.768,
              52.198
            ],
            [
              4.769,
              52.198
            ]
          ]
        ]
      },
      "properties": {
        "airport": "Schiphol",
        "bandLowerDb": 55,
        "year": 2021,
        "metric": "Lden",
        "kind": "actual",
        "source": "RIVM/CVGG — EU END 2021 noise contours (major airports), via data.overheid.nl",
        "license": "CC0-1.0"
      }
    },
    {
      "type": "Feature",
      "geometry": {
        "type": "Polygon",
        "coordinates": [
          [
            [
              4.718,
              52.228
            ],
            [
              4.719,
              52.228
            ],
            [
              4.72,
              52.228
            ],
            [
              4.721,
              52.229
            ],
            [
              4.722,
              52.229
            ],
            [
              4.723,
              52.229
            ],
            [
              4.723,
              52.23
            ],
            [
              4.724,
              52.23
            ],
            [
              4.724,
              52.231
            ],
            [
              4.725,
              52.231
            ],
            [
              4.725,
              52.232
            ],
            [
              4.726,
              52.233
            ],
            [
              4.726,
              52.234
            ],
            [
              4.727,
              52.235
            ],
            [
              4.727,
              52.236
            ],
            [
              4.727,
              52.237
            ],
            [
              4.727,
              52.238
            ],
            [
              4.727,
              52.239
            ],
            [
              4.727,
              52.24
            ],
            [
              4.727,
              52.241
            ],
            [
              4.727,
              52.242
            ],
            [
              4.727,
              52.243
            ],
            [
              4.727,
              52.244
            ],
            [
              4.727,
              52.245
            ],
            [
              4.727,
              52.246
            ],
            [
              4.727,
              52.247
            ],
            [
              4.727,
              52.248
            ],
            [
              4.727,
              52.249
            ],
            [
              4.727,
              52.25
            ],
            [
              4.726,
              52.25
            ],
            [
              4.726,
              52.251
            ],
            [
              4.726,
              52.252
            ],
            [
              4.726,
              52.253
            ],
            [
              4.726,
              52.254
            ],
            [
              4.726,
              52.255
            ],
            [
              4.726,
              52.256
            ],
            [
              4.725,
              52.256
            ],
            [
              4.725,
              52.257
            ],
            [
              4.725,
              52.258
            ],
            [
              4.724,
              52.258
            ],
            [
              4.724,
              52.259
            ],
            [
              4.723,
              52.259
            ],
            [
              4.722,
              52.26
            ],
            [
              4.721,
              52.26
            ],
            [
              4.72,
              52.26
            ],
            [
              4.719,
              52.26
            ],
            [
              4.718,
              52.26
            ],
            [
              4.718,
              52.259
            ],
            [
              4.717,
              52.259
            ],
            [
              4.716,
              52.259
            ],
            [
              4.715,
              52.259
            ],
            [
              4.714,
              52.258
            ],
            [
              4.713,
              52.258
            ],
            [
              4.712,
              52.258
            ],
            [
              4.711,
              52.257
            ],
            [
              4.71,
              52.257
            ],
            [
              4.709,
              52.257
            ],
            [
              4.709,
              52.256
            ],
            [
              4.708,
              52.256
            ],
            [
              4.708,
              52.255
            ],
            [
              4.707,
              52.255
            ],
            [
              4.706,
              52.255
            ],
            [
              4.706,
              52.254
            ],
            [
              4.705,
              52.254
            ],
            [
              4.705,
              52.253
            ],
            [
              4.704,
              52.253
            ],
            [
              4.704,
              52.252
            ],
            [
              4.703,
              52.252
            ],
            [
              4.703,
              52.251
            ],
            [
              4.702,
              52.251
            ],
            [
              4.702,
              52.25
            ],
            [
              4.702,
              52.249
            ],
            [
              4.702,
              52.248
            ],
            [
              4.701,
              52.247
            ],
            [
              4.702,
              52.246
            ],
            [
              4.702,
              52.245
            ],
            [
              4.702,
              52.244
            ],
            [
              4.702,
              52.243
            ],
            [
              4.703,
              52.243
            ],
            [
              4.703,
              52.242
            ],
            [
              4.703,
              52.241
            ],
            [
              4.704,
              52.241
            ],
            [
              4.704,
              52.24
            ],
            [
              4.704,
              52.239
            ],
            [
              4.705,
              52.239
            ],
            [
              4.705,
              52.238
            ],
            [
              4.706,
              52.238
            ],
            [
              4.706,
              52.237
            ],
            [
              4.707,
              52.237
            ],
            [
              4.707,
              52.236
            ],
            [
              4.708,
              52.236
            ],
            [
              4.708,
              52.235
            ],
            [
              4.709,
              52.235
            ],
            [
              4.709,
              52.234
            ],
            [
              4.71,
              52.234
            ],
            [
              4.71,
              52.233
            ],
            [
              4.711,
              52.233
            ],
            [
              4.712,
              52.232
            ],
            [
              4.713,
              52.231
            ],
            [
              4.714,
              52.231
            ],
            [
              4.714,
              52.23
            ],
            [
              4.715,
              52.23
            ],
            [
              4.716,
              52.23
            ],
            [
              4.716,
              52.229
            ],
            [
              4.717,
              52.229
            ],
            [
              4.718,
              52.229
            ],
            [
              4.718,
              52.228
            ]
          ]
        ]
      },
      "properties": {
        "airport": "Schiphol",
        "bandLowerDb": 55,
        "year": 2021,
        "metric": "Lden",
        "kind": "actual",
        "source": "RIVM/CVGG — EU END 2021 noise contours (major airports), via data.overheid.nl",
        "license": "CC0-1.0"
      }
    },
    {
      "type": "Feature",
      "geometry": {
        "type": "Polygon",
        "coordinates": [
          [
            [
              4.773,
              52.247
            ],
            [
              4.774,
              52.246
            ],
            [
              4.774,
              52.247
            ],
            [
              4.775,
              52.247
            ],
            [
              4.775,
              52.248
            ],
            [
              4.776,
              52.249
            ],
            [
              4.776,
              52.25
            ],
            [
              4.776,
              52.251
            ],
            [
              4.777,
              52.251
            ],
            [
              4.777,
              52.252
            ],
            [
              4.777,
              52.253
            ],
            [
              4.778,
              52.253
            ],
            [
              4.778,
              52.254
            ],
            [
              4.778,
              52.255
            ],
            [
              4.779,
              52.256
            ],
            [
              4.779,
              52.257
            ],
            [
              4.78,
              52.257
            ],
            [
              4.78,
              52.258
            ],
            [
              4.781,
              52.258
            ],
            [
              4.782,
              52.258
            ],
            [
              4.783,
              52.258
            ],
            [
              4.784,
              52.258
            ],
            [
              4.785,
              52.258
            ],
            [
              4.786,
              52.258
            ],
            [
              4.787,
              52.258
            ],
            [
              4.787,
              52.257
            ],
            [
              4.788,
              52.257
            ],
            [
              4.789,
              52.257
            ],
            [
              4.79,
              52.257
            ],
            [
              4.791,
              52.257
            ],
            [
              4.792,
              52.257
            ],
            [
              4.793,
              52.257
            ],
            [
              4.794,
              52.257
            ],
            [
              4.794,
              52.258
            ],
            [
              4.795,
              52.258
            ],
            [
              4.796,
              52.258
            ],
            [
              4.796,
              52.259
            ],
            [
              4.797,
              52.259
            ],
            [
              4.797,
              52.26
            ],
            [
              4.797,
              52.261
            ],
            [
              4.796,
              52.261
            ],
            [
              4.796,
              52.262
            ],
            [
              4.796,
              52.263
            ],
            [
              4.795,
              52.263
            ],
            [
              4.795,
              52.264
            ],
            [
              4.794,
              52.265
            ],
            [
              4.794,
              52.266
            ],
            [
              4.793,
              52.266
            ],
            [
              4.793,
              52.267
            ],
            [
              4.793,
              52.268
            ],
            [
              4.792,
              52.268
            ],
            [
              4.792,
              52.269
            ],
            [
              4.792,
              52.27
            ],
            [
              4.791,
              52.271
            ],
            [
              4.791,
              52.272
            ],
            [
              4.791,
              52.273
            ],
            [
              4.791,
              52.274
            ],
            [
              4.79,
              52.274
            ],
            [
              4.79,
              52.275
            ],
            [
              4.79,
              52.276
            ],
            [
              4.79,
              52.277
            ],
            [
              4.79,
              52.278
            ],
            [
              4.79,
              52.279
            ],
            [
              4.79,
              52.28
            ],
            [
              4.79,
              52.281
            ],
            [
              4.79,
              52.282
            ],
            [
              4.79,
              52.283
            ],
            [
              4.79,
              52.284
            ],
            [
              4.79,
              52.285
            ],
            [
              4.79,
              52.286
            ],
            [
              4.79,
              52.287
            ],
            [
              4.79,
              52.288
            ],
            [
              4.79,
              52.289
            ],
            [
              4.79,
              52.29
            ],
            [
              4.79,
              52.291
            ],
            [
              4.79,
              52.292
            ],
            [
              4.79,
              52.293
            ],
            [
              4.79,
              52.294
            ],
            [
              4.79,
              52.295
            ],
            [
              4.79,
              52.296
            ],
            [
              4.79,
              52.297
            ],
            [
              4.79,
              52.298
            ],
            [
              4.79,
              52.299
            ],
            [
              4.79,
              52.3
            ],
            [
              4.79,
              52.301
            ],
            [
              4.79,
              52.302
            ],
            [
              4.791,
              52.302
            ],
            [
              4.791,
              52.303
            ],
            [
              4.792,
              52.303
            ],
            [
              4.792,
              52.304
            ],
            [
              4.793,
              52.304
            ],
            [
              4.793,
              52.305
            ],
            [
              4.794,
              52.305
            ],
            [
              4.795,
              52.305
            ],
            [
              4.795,
              52.306
            ],
            [
              4.796,
              52.306
            ],
            [
              4.796,
              52.307
            ],
            [
              4.797,
              52.307
            ],
            [
              4.797,
              52.308
            ],
            [
              4.798,
              52.308
            ],
            [
              4.799,
              52.309
            ],
            [
              4.8,
              52.309
            ],
            [
              4.8,
              52.31
            ],
            [
              4.801,
              52.31
            ],
            [
              4.802,
              52.31
            ],
            [
              4.802,
              52.311
            ],
            [
              4.803,
              52.311
            ],
            [
              4.804,
              52.311
            ],
            [
              4.804,
              52.312
            ],
            [
              4.805,
              52.312
            ],
            [
              4.805,
              52.313
            ],
            [
              4.806,
              52.313
            ],
            [
              4.806,
              52.314
            ],
            [
              4.807,
              52.314
            ],
            [
              4.808,
              52.314
            ],
            [
              4.808,
              52.315
            ],
            [
              4.809,
              52.315
            ],
            [
              4.81,
              52.315
            ],
            [
              4.811,
              52.315
            ],
            [
              4.812,
              52.315
            ],
            [
              4.812,
              52.316
            ],
            [
              4.813,
              52.316
            ],
            [
              4.814,
              52.316
            ],
            [
              4.815,
              52.316
            ],
            [
              4.816,
              52.316
            ],
            [
              4.817,
              52.316
            ],
            [
              4.818,
              52.316
            ],
            [
              4.819,
              52.316
            ],
            [
              4.82,
              52.316
            ],
            [
              4.821,
              52.316
            ],
            [
              4.822,
              52.316
            ],
            [
              4.823,
              52.316
            ],
            [
              4.824,
              52.317
            ],
            [
              4.825,
              52.317
            ],
            [
              4.826,
              52.317
            ],
            [
              4.827,
              52.317
            ],
            [
              4.828,
              52.317
            ],
            [
              4.829,
              52.317
            ],
            [
              4.83,
              52.317
            ],
            [
              4.831,
              52.317
            ],
            [
              4.832,
              52.317
            ],
            [
              4.833,
              52.317
            ],
            [
              4.834,
              52.317
            ],
            [
              4.835,
              52.317
            ],
            [
              4.836,
              52.317
            ],
            [
              4.837,
              52.317
            ],
            [
              4.838,
              52.317
            ],
            [
              4.838,
              52.318
            ],
            [
              4.839,
              52.318
            ],
            [
              4.84,
              52.318
            ],
            [
              4.841,
              52.318
            ],
            [
              4.842,
              52.318
            ],
            [
              4.843,
              52.318
            ],
            [
              4.844,
              52.318
            ],
            [
              4.845,
              52.318
            ],
            [
              4.846,
              52.318
            ],
            [
              4.847,
              52.318
            ],
            [
              4.848,
              52.318
            ],
            [
              4.849,
              52.318
            ],
            [
              4.85,
              52.318
            ],
            [
              4.851,
              52.318
            ],
            [
              4.852,
              52.318
            ],
            [
              4.853,
              52.319
            ],
            [
              4.854,
              52.319
            ],
            [
              4.855,
              52.319
            ],
            [
              4.856,
              52.319
            ],
            [
              4.857,
              52.319
            ],
            [
              4.858,
              52.319
            ],
            [
              4.859,
              52.319
            ],
            [
              4.86,
              52.319
            ],
            [
              4.861,
              52.319
            ],
            [
              4.862,
              52.319
            ],
            [
              4.863,
              52.32
            ],
            [
              4.864,
              52.32
            ],
            [
              4.865,
              52.32
            ],
            [
              4.866,
              52.32
            ],
            [
              4.867,
              52.32
            ],
            [
              4.867,
              52.321
            ],
            [
              4.866,
              52.321
            ],
            [
              4.865,
              52.321
            ],
            [
              4.864,
              52.321
            ],
            [
              4.864,
              52.322
            ],
            [
              4.863,
              52.322
            ],
            [
              4.862,
              52.322
            ],
            [
              4.861,
              52.322
            ],
            [
              4.86,
              52.322
            ],
            [
              4.859,
              52.322
            ],
            [
              4.858,
              52.322
            ],
            [
              4.857,
              52.322
            ],
            [
              4.856,
              52.322
            ],
            [
              4.855,
              52.322
            ],
            [
              4.854,
              52.322
            ],
            [
              4.853,
              52.322
            ],
            [
              4.852,
              52.322
            ],
            [
              4.851,
              52.322
            ],
            [
              4.85,
              52.322
            ],
            [
              4.849,
              52.322
            ],
            [
              4.848,
              52.322
            ],
            [
              4.847,
              52.322
            ],
            [
              4.846,
              52.322
            ],
            [
              4.845,
              52.322
            ],
            [
              4.844,
              52.322
            ],
            [
              4.843,
              52.322
            ],
            [
              4.842,
              52.322
            ],
            [
              4.841,
              52.322
            ],
            [
              4.84,
              52.322
            ],
            [
              4.839,
              52.322
            ],
            [
              4.838,
              52.322
            ],
            [
              4.837,
              52.322
            ],
            [
              4.836,
              52.322
            ],
            [
              4.835,
              52.322
            ],
            [
              4.834,
              52.322
            ],
            [
              4.833,
              52.322
            ],
            [
              4.832,
              52.322
            ],
            [
              4.831,
              52.322
            ],
            [
              4.83,
              52.322
            ],
            [
              4.829,
              52.322
            ],
            [
              4.828,
              52.322
            ],
            [
              4.827,
              52.322
            ],
            [
              4.826,
              52.322
            ],
            [
              4.825,
              52.322
            ],
            [
              4.824,
              52.322
            ],
            [
              4.823,
              52.322
            ],
            [
              4.822,
              52.322
            ],
            [
              4.821,
              52.322
            ],
            [
              4.82,
              52.322
            ],
            [
              4.819,
              52.322
            ],
            [
              4.818,
              52.322
            ],
            [
              4.818,
              52.323
            ],
            [
              4.818,
              52.324
            ],
            [
              4.819,
              52.324
            ],
            [
              4.819,
              52.325
            ],
            [
              4.818,
              52.325
            ],
            [
              4.818,
              52.324
            ],
            [
              4.817,
              52.324
            ],
            [
              4.816,
              52.324
            ],
            [
              4.815,
              52.324
            ],
            [
              4.815,
              52.323
            ],
            [
              4.814,
              52.323
            ],
            [
              4.813,
              52.323
            ],
            [
              4.812,
              52.323
            ],
            [
              4.812,
              52.322
            ],
            [
              4.811,
              52.322
            ],
            [
              4.81,
              52.322
            ],
            [
              4.809,
              52.322
            ],
            [
              4.808,
              52.322
            ],
            [
              4.807,
              52.322
            ],
            [
              4.806,
              52.322
            ],
            [
              4.805,
              52.322
            ],
            [
              4.804,
              52.322
            ],
            [
              4.803,
              52.322
            ],
            [
              4.802,
              52.322
            ],
            [
              4.801,
              52.322
            ],
            [
              4.8,
              52.322
            ],
            [
              4.799,
              52.322
            ],
            [
              4.798,
              52.322
            ],
            [
              4.797,
              52.322
            ],
            [
              4.796,
              52.322
            ],
            [
              4.795,
              52.322
            ],
            [
              4.794,
              52.322
            ],
            [
              4.793,
              52.322
            ],
            [
              4.792,
              52.322
            ],
            [
              4.791,
              52.322
            ],
            [
              4.791,
              52.323
            ],
            [
              4.79,
              52.323
            ],
            [
              4.789,
              52.323
            ],
            [
              4.788,
              52.323
            ],
            [
              4.788,
              52.324
            ],
            [
              4.787,
              52.324
            ],
            [
              4.786,
              52.324
            ],
            [
              4.785,
              52.324
            ],
            [
              4.784,
              52.324
            ],
            [
              4.784,
              52.323
            ],
            [
              4.783,
              52.323
            ],
            [
              4.782,
              52.323
            ],
            [
              4.781,
              52.323
            ],
            [
              4.78,
              52.323
            ],
            [
              4.779,
              52.323
            ],
            [
              4.778,
              52.323
            ],
            [
              4.777,
              52.323
            ],
            [
              4.777,
              52.324
            ],
            [
              4.776,
              52.324
            ],
            [
              4.775,
              52.324
            ],
            [
              4.774,
              52.324
            ],
            [
              4.773,
              52.324
            ],
            [
              4.773,
              52.323
            ],
            [
              4.772,
              52.323
            ],
            [
              4.772,
              52.322
            ],
            [
              4.771,
              52.322
            ],
            [
              4.771,
              52.321
            ],
            [
              4.77,
              52.321
            ],
            [
              4.77,
              52.32
            ],
            [
              4.769,
              52.32
            ],
            [
              4.768,
              52.32
            ],
            [
              4.767,
              52.32
            ],
            [
              4.766,
              52.32
            ],
            [
              4.765,
              52.32
            ],
            [
              4.764,
              52.32
            ],
            [
              4.763,
              52.32
            ],
            [
              4.762,
              52.32
            ],
            [
              4.761,
              52.32
            ],
            [
              4.76,
              52.32
            ],
            [
              4.759,
              52.32
            ],
            [
              4.758,
              52.32
            ],
            [
              4.757,
              52.32
            ],
            [
              4.756,
              52.32
            ],
            [
              4.755,
              52.32
            ],
            [
              4.754,
              52.32
            ],
            [
              4.753,
              52.32
            ],
            [
              4.752,
              52.32
            ],
            [
              4.751,
              52.32
            ],
            [
              4.75,
              52.32
            ],
            [
              4.749,
              52.32
            ],
            [
              4.748,
              52.32
            ],
            [
              4.748,
              52.321
            ],
            [
              4.747,
              52.321
            ],
            [
              4.747,
              52.322
            ],
            [
              4.747,
              52.323
            ],
            [
              4.747,
              52.324
            ],
            [
              4.747,
              52.325
            ],
            [
              4.747,
              52.326
            ],
            [
              4.748,
              52.326
            ],
            [
              4.748,
              52.327
            ],
            [
              4.748,
              52.328
            ],
            [
              4.748,
              52.329
            ],
            [
              4.748,
              52.33
            ],
            [
              4.748,
              52.331
            ],
            [
              4.749,
              52.331
            ],
            [
              4.749,
              52.332
            ],
            [
              4.749,
              52.333
            ],
            [
              4.749,
              52.334
            ],
            [
              4.749,
              52.335
            ],
            [
              4.749,
              52.336
            ],
            [
              4.749,
              52.337
            ],
            [
              4.749,
              52.338
            ],
            [
              4.749,
              52.339
            ],
            [
              4.75,
              52.339
            ],
            [
              4.75,
              52.34
            ],
            [
              4.75,
              52.341
            ],
            [
              4.75,
              52.342
            ],
            [
              4.75,
              52.343
            ],
            [
              4.75,
              52.344
            ],
            [
              4.75,
              52.345
            ],
            [
              4.75,
              52.346
            ],
            [
              4.75,
              52.347
            ],
            [
              4.75,
              52.348
            ],
            [
              4.749,
              52.348
            ],
            [
              4.749,
              52.349
            ],
            [
              4.749,
              52.35
            ],
            [
              4.749,
              52.351
            ],
            [
              4.749,
              52.352
            ],
            [
              4.748,
              52.352
            ],
            [
              4.748,
              52.353
            ],
            [
              4.748,
              52.354
            ],
            [
              4.748,
              52.355
            ],
            [
              4.748,
              52.356
            ],
            [
              4.748,
              52.357
            ],
            [
              4.748,
              52.358
            ],
            [
              4.748,
              52.359
            ],
            [
              4.748,
              52.36
            ],
            [
              4.748,
              52.361
            ],
            [
              4.748,
              52.362
            ],
            [
              4.747,
              52.362
            ],
            [
              4.747,
              52.363
            ],
            [
              4.747,
              52.364
            ],
            [
              4.747,
              52.365
            ],
            [
              4.747,
              52.366
            ],
            [
              4.747,
              52.367
            ],
            [
              4.747,
              52.368
            ],
            [
              4.747,
              52.369
            ],
            [
              4.747,
              52.37
            ],
            [
              4.747,
              52.371
            ],
            [
              4.747,
              52.372
            ],
            [
              4.747,
              52.373
            ],
            [
              4.747,
              52.374
            ],
            [
              4.747,
              52.375
            ],
            [
              4.747,
              52.376
            ],
            [
              4.747,
              52.377
            ],
            [
              4.747,
              52.378
            ],
            [
              4.747,
              52.379
            ],
            [
              4.747,
              52.38
            ],
            [
              4.747,
              52.381
            ],
            [
              4.747,
              52.382
            ],
            [
              4.746,
              52.382
            ],
            [
              4.746,
              52.383
            ],
            [
              4.746,
              52.384
            ],
            [
              4.745,
              52.384
            ],
            [
              4.744,
              52.384
            ],
            [
              4.743,
              52.384
            ],
            [
              4.743,
              52.383
            ],
            [
              4.743,
              52.382
            ],
            [
              4.742,
              52.382
            ],
            [
              4.742,
              52.381
            ],
            [
              4.742,
              52.38
            ],
            [
              4.741,
              52.379
            ],
            [
              4.741,
              52.378
            ],
            [
              4.741,
              52.377
            ],
            [
              4.741,
              52.376
            ],
            [
              4.74,
              52.375
            ],
            [
              4.74,
              52.374
            ],
            [
              4.74,
              52.373
            ],
            [
              4.74,
              52.372
            ],
            [
              4.74,
              52.371
            ],
            [
              4.74,
              52.37
            ],
            [
              4.739,
              52.37
            ],
            [
              4.739,
              52.369
            ],
            [
              4.739,
              52.368
            ],
            [
              4.739,
              52.367
            ],
            [
              4.739,
              52.366
            ],
            [
              4.739,
              52.365
            ],
            [
              4.739,
              52.364
            ],
            [
              4.739,
              52.363
            ],
            [
              4.739,
              52.362
            ],
            [
              4.738,
              52.362
            ],
            [
              4.738,
              52.361
            ],
            [
              4.738,
              52.36
            ],
            [
              4.738,
              52.359
            ],
            [
              4.738,
              52.358
            ],
            [
              4.738,
              52.357
            ],
            [
              4.738,
              52.356
            ],
            [
              4.738,
              52.355
            ],
            [
              4.738,
              52.354
            ],
            [
              4.737,
              52.353
            ],
            [
              4.737,
              52.352
            ],
            [
              4.737,
              52.351
            ],
            [
              4.737,
              52.35
            ],
            [
              4.737,
              52.349
            ],
            [
              4.737,
              52.348
            ],
            [
              4.737,
              52.347
            ],
            [
              4.737,
              52.346
            ],
            [
              4.736,
              52.346
            ],
            [
              4.736,
              52.345
            ],
            [
              4.736,
              52.344
            ],
            [
              4.736,
              52.343
            ],
            [
              4.736,
              52.342
            ],
            [
              4.736,
              52.341
            ],
            [
              4.735,
              52.341
            ],
            [
              4.735,
              52.34
            ],
            [
              4.735,
              52.339
            ],
            [
              4.735,
              52.338
            ],
            [
              4.734,
              52.337
            ],
            [
              4.734,
              52.336
            ],
            [
              4.734,
              52.335
            ],
            [
              4.733,
              52.335
            ],
            [
              4.733,
              52.334
            ],
            [
              4.732,
              52.333
            ],
            [
              4.732,
              52.332
            ],
            [
              4.732,
              52.331
            ],
            [
              4.732,
              52.33
            ],
            [
              4.732,
              52.329
            ],
            [
              4.732,
              52.328
            ],
            [
              4.732,
              52.327
            ],
            [
              4.732,
              52.326
            ],
            [
              4.732,
              52.325
            ],
            [
              4.732,
              52.324
            ],
            [
              4.732,
              52.323
            ],
            [
              4.733,
              52.323
            ],
            [
              4.733,
              52.322
            ],
            [
              4.733,
              52.321
            ],
            [
              4.733,
              52.32
            ],
            [
              4.733,
              52.319
            ],
            [
              4.733,
              52.318
            ],
            [
              4.733,
              52.317
            ],
            [
              4.733,
              52.316
            ],
            [
              4.733,
              52.315
            ],
            [
              4.733,
              52.314
            ],
            [
              4.733,
              52.313
            ],
            [
              4.733,
              52.312
            ],
            [
              4.733,
              52.311
            ],
            [
              4.732,
              52.311
            ],
            [
              4.732,
              52.31
            ],
            [
              4.732,
              52.309
            ],
            [
              4.731,
              52.309
            ],
            [
              4.731,
              52.308
            ],
            [
              4.731,
              52.307
            ],
            [
              4.73,
              52.307
            ],
            [
              4.73,
              52.306
            ],
            [
              4.73,
              52.305
            ],
            [
              4.729,
              52.304
            ],
            [
              4.729,
              52.303
            ],
            [
              4.729,
              52.302
            ],
            [
              4.729,
              52.301
            ],
            [
              4.729,
              52.3
            ],
            [
              4.728,
              52.3
            ],
            [
              4.728,
              52.299
            ],
            [
              4.728,
              52.298
            ],
            [
              4.727,
              52.298
            ],
            [
              4.726,
              52.297
            ],
            [
              4.725,
              52.297
            ],
            [
              4.725,
              52.296
            ],
            [
              4.724,
              52.296
            ],
            [
              4.723,
              52.296
            ],
            [
              4.723,
              52.295
            ],
            [
              4.722,
              52.295
            ],
            [
              4.721,
              52.295
            ],
            [
              4.721,
              52.294
            ],
            [
              4.72,
              52.294
            ],
            [
              4.719,
              52.294
            ],
            [
              4.719,
              52.293
            ],
            [
              4.718,
              52.293
            ],
            [
              4.717,
              52.293
            ],
            [
              4.716,
              52.292
            ],
            [
              4.715,
              52.292
            ],
            [
              4.714,
              52.292
            ],
            [
              4.714,
              52.291
            ],
            [
              4.713,
              52.291
            ],
            [
              4.712,
              52.291
            ],
            [
              4.712,
              52.29
            ],
            [
              4.711,
              52.29
            ],
            [
              4.71,
              52.29
            ],
            [
              4.709,
              52.289
            ],
            [
              4.708,
              52.289
            ],
            [
              4.707,
              52.288
            ],
            [
              4.706,
              52.288
            ],
            [
              4.705,
              52.288
            ],
            [
              4.705,
              52.287
            ],
            [
              4.704,
              52.287
            ],
            [
              4.703,
              52.287
            ],
            [
              4.703,
              52.286
            ],
            [
              4.702,
              52.286
            ],
            [
              4.701,
              52.286
            ],
            [
              4.701,
              52.285
            ],
            [
              4.7,
              52.285
            ],
            [
              4.699,
              52.285
            ],
            [
              4.699,
              52.284
            ],
            [
              4.698,
              52.284
            ],
            [
              4.697,
              52.284
            ],
            [
              4.697,
              52.283
            ],
            [
              4.696,
              52.283
            ],
            [
              4.695,
              52.283
            ],
            [
              4.694,
              52.282
            ],
            [
              4.693,
              52.282
            ],
            [
              4.692,
              52.281
            ],
            [
              4.691,
              52.281
            ],
            [
              4.69,
              52.281
            ],
            [
              4.69,
              52.28
            ],
            [
              4.689,
              52.28
            ],
            [
              4.688,
              52.279
            ],
            [
              4.687,
              52.279
            ],
            [
              4.686,
              52.279
            ],
            [
              4.686,
              52.278
            ],
            [
              4.685,
              52.278
            ],
            [
              4.684,
              52.278
            ],
            [
              4.684,
              52.277
            ],
            [
              4.683,
              52.277
            ],
            [
              4.682,
              52.277
            ],
            [
              4.682,
              52.276
            ],
            [
              4.681,
              52.276
            ],
            [
              4.68,
              52.276
            ],
            [
              4.68,
              52.275
            ],
            [
              4.679,
              52.275
            ],
            [
              4.678,
              52.275
            ],
            [
              4.678,
              52.274
            ],
            [
              4.677,
              52.274
            ],
            [
              4.676,
              52.274
            ],
            [
              4.676,
              52.273
            ],
            [
              4.675,
              52.273
            ],
            [
              4.674,
              52.273
            ],
            [
              4.674,
              52.272
            ],
            [
              4.673,
              52.272
            ],
            [
              4.673,
              52.271
            ],
            [
              4.672,
              52.271
            ],
            [
              4.671,
              52.271
            ],
            [
              4.671,
              52.27
            ],
            [
              4.67,
              52.27
            ],
            [
              4.669,
              52.27
            ],
            [
              4.669,
              52.269
            ],
            [
              4.668,
              52.269
            ],
            [
              4.668,
              52.268
            ],
            [
              4.667,
              52.268
            ],
            [
              4.666,
              52.268
            ],
            [
              4.666,
              52.267
            ],
            [
              4.665,
              52.267
            ],
            [
              4.664,
              52.267
            ],
            [
              4.664,
              52.266
            ],
            [
              4.663,
              52.266
            ],
            [
              4.662,
              52.266
            ],
            [
              4.662,
              52.265
            ],
            [
              4.661,
              52.265
            ],
            [
              4.66,
              52.265
            ],
            [
              4.66,
              52.264
            ],
            [
              4.659,
              52.264
            ],
            [
              4.658,
              52.264
            ],
            [
              4.658,
              52.263
            ],
            [
              4.657,
              52.263
            ],
            [
              4.656,
              52.263
            ],
            [
              4.656,
              52.262
            ],
            [
              4.655,
              52.262
            ],
            [
              4.654,
              52.262
            ],
            [
              4.654,
              52.261
            ],
            [
              4.653,
              52.261
            ],
            [
              4.652,
              52.261
            ],
            [
              4.652,
              52.26
            ],
            [
              4.651,
              52.26
            ],
            [
              4.65,
              52.26
            ],
            [
              4.65,
              52.259
            ],
            [
              4.649,
              52.259
            ],
            [
              4.648,
              52.259
            ],
            [
              4.648,
              52.258
            ],
            [
              4.647,
              52.258
            ],
            [
              4.646,
              52.258
            ],
            [
              4.646,
              52.257
            ],
            [
              4.645,
              52.257
            ],
            [
              4.644,
              52.257
            ],
            [
              4.644,
              52.256
            ],
            [
              4.643,
              52.256
            ],
            [
              4.642,
              52.256
            ],
            [
              4.642,
              52.255
            ],
            [
              4.641,
              52.255
            ],
            [
              4.64,
              52.254
            ],
            [
              4.639,
              52.254
            ],
            [
              4.639,
              52.253
            ],
            [
              4.638,
              52.253
            ],
            [
              4.637,
              52.253
            ],
            [
              4.637,
              52.252
            ],
            [
              4.636,
              52.252
            ],
            [
              4.636,
              52.251
            ],
            [
              4.635,
              52.251
            ],
            [
              4.635,
              52.25
            ],
            [
              4.634,
              52.25
            ],
            [
              4.634,
              52.249
            ],
            [
              4.634,
              52.248
            ],
            [
              4.635,
              52.248
            ],
            [
              4.636,
              52.248
            ],
            [
              4.637,
              52.248
            ],
            [
              4.638,
              52.248
            ],
            [
              4.639,
              52.249
            ],
            [
              4.64,
              52.249
            ],
            [
              4.641,
              52.249
            ],
            [
              4.642,
              52.249
            ],
            [
              4.643,
              52.249
            ],
            [
              4.644,
              52.249
            ],
            [
              4.644,
              52.25
            ],
            [
              4.645,
              52.25
            ],
            [
              4.646,
              52.25
            ],
            [
              4.647,
              52.25
            ],
            [
              4.648,
              52.25
            ],
            [
              4.648,
              52.251
            ],
            [
              4.649,
              52.251
            ],
            [
              4.65,
              52.251
            ],
            [
              4.651,
              52.251
            ],
            [
              4.652,
              52.251
            ],
            [
              4.652,
              52.252
            ],
            [
              4.653,
              52.252
            ],
            [
              4.654,
              52.252
            ],
            [
              4.655,
              52.252
            ],
            [
              4.656,
              52.252
            ],
            [
              4.657,
              52.252
            ],
            [
              4.657,
              52.253
            ],
            [
              4.658,
              52.253
            ],
            [
              4.659,
              52.253
            ],
            [
              4.66,
              52.253
            ],
            [
              4.661,
              52.253
            ],
            [
              4.662,
              52.253
            ],
            [
              4.663,
              52.253
            ],
            [
              4.664,
              52.253
            ],
            [
              4.665,
              52.253
            ],
            [
              4.666,
              52.253
            ],
            [
              4.667,
              52.253
            ],
            [
              4.668,
              52.253
            ],
            [
              4.669,
              52.253
            ],
            [
              4.67,
              52.253
            ],
            [
              4.671,
              52.252
            ],
            [
              4.672,
              52.252
            ],
            [
              4.673,
              52.252
            ],
            [
              4.674,
              52.252
            ],
            [
              4.675,
              52.252
            ],
            [
              4.676,
              52.252
            ],
            [
              4.677,
              52.252
            ],
            [
              4.678,
              52.252
            ],
            [
              4.679,
              52.252
            ],
            [
              4.68,
              52.252
            ],
            [
              4.681,
              52.252
            ],
            [
              4.682,
              52.252
            ],
            [
              4.683,
              52.252
            ],
            [
              4.684,
              52.252
            ],
            [
              4.684,
              52.253
            ],
            [
              4.685,
              52.253
            ],
            [
              4.686,
              52.253
            ],
            [
              4.687,
              52.253
            ],
            [
              4.687,
              52.254
            ],
            [
              4.688,
              52.254
            ],
            [
              4.689,
              52.255
            ],
            [
              4.69,
              52.256
            ],
            [
              4.691,
              52.256
            ],
            [
              4.691,
              52.257
            ],
            [
              4.692,
              52.257
            ],
            [
              4.692,
              52.258
            ],
            [
              4.693,
              52.258
            ],
            [
              4.693,
              52.259
            ],
            [
              4.694,
              52.259
            ],
            [
              4.694,
              52.26
            ],
            [
              4.695,
              52.26
            ],
            [
              4.695,
              52.261
            ],
            [
              4.696,
              52.261
            ],
            [
              4.697,
              52.261
            ],
            [
              4.697,
              52.262
            ],
            [
              4.698,
              52.262
            ],
            [
              4.699,
              52.263
            ],
            [
              4.7,
              52.263
            ],
            [
              4.7,
              52.264
            ],
            [
              4.701,
              52.264
            ],
            [
              4.702,
              52.264
            ],
            [
              4.702,
              52.265
            ],
            [
              4.703,
              52.265
            ],
            [
              4.704,
              52.265
            ],
            [
              4.705,
              52.266
            ],
            [
              4.706,
              52.266
            ],
            [
              4.707,
              52.266
            ],
            [
              4.707,
              52.267
            ],
            [
              4.708,
              52.267
            ],
            [
              4.709,
              52.267
            ],
            [
              4.71,
              52.267
            ],
            [
              4.71,
              52.268
            ],
            [
              4.711,
              52.268
            ],
            [
              4.712,
              52.268
            ],
            [
              4.713,
              52.268
            ],
            [
              4.713,
              52.269
            ],
            [
              4.714,
              52.269
            ],
            [
              4.715,
              52.269
            ],
            [
              4.716,
              52.269
            ],
            [
              4.716,
              52.27
            ],
            [
              4.717,
              52.27
            ],
            [
              4.718,
              52.27
            ],
            [
              4.719,
              52.27
            ],
            [
              4.72,
              52.27
            ],
            [
              4.72,
              52.271
            ],
            [
              4.721,
              52.271
            ],
            [
              4.722,
              52.271
            ],
            [
              4.723,
              52.271
            ],
            [
              4.724,
              52.271
            ],
            [
              4.725,
              52.271
            ],
            [
              4.726,
              52.271
            ],
            [
              4.727,
              52.271
            ],
            [
              4.728,
              52.271
            ],
            [
              4.729,
              52.271
            ],
            [
              4.73,
              52.27
            ],
            [
              4.731,
              52.269
            ],
            [
              4.731,
              52.268
            ],
            [
              4.732,
              52.268
            ],
            [
              4.732,
              52.267
            ],
            [
              4.732,
              52.266
            ],
            [
              4.733,
              52.266
            ],
            [
              4.733,
              52.265
            ],
            [
              4.734,
              52.265
            ],
            [
              4.735,
              52.266
            ],
            [
              4.736,
              52.267
            ],
            [
              4.736,
              52.268
            ],
            [
              4.737,
              52.268
            ],
            [
              4.737,
              52.269
            ],
            [
              4.737,
              52.27
            ],
            [
              4.738,
              52.27
            ],
            [
              4.738,
              52.271
            ],
            [
              4.738,
              52.272
            ],
            [
              4.739,
              52.272
            ],
            [
              4.739,
              52.273
            ],
            [
              4.739,
              52.274
            ],
            [
              4.74,
              52.274
            ],
            [
              4.74,
              52.275
            ],
            [
              4.74,
              52.276
            ],
            [
              4.741,
              52.276
            ],
            [
              4.741,
              52.277
            ],
            [
              4.742,
              52.277
            ],
            [
              4.742,
              52.278
            ],
            [
              4.743,
              52.278
            ],
            [
              4.743,
              52.279
            ],
            [
              4.744,
              52.279
            ],
            [
              4.745,
              52.28
            ],
            [
              4.746,
              52.28
            ],
            [
              4.746,
              52.281
            ],
            [
              4.747,
              52.281
            ],
            [
              4.747,
              52.282
            ],
            [
              4.748,
              52.282
            ],
            [
              4.749,
              52.282
            ],
            [
              4.749,
              52.283
            ],
            [
              4.75,
              52.283
            ],
            [
              4.75,
              52.284
            ],
            [
              4.751,
              52.284
            ],
            [
              4.752,
              52.284
            ],
            [
              4.752,
              52.285
            ],
            [
              4.753,
              52.285
            ],
            [
              4.754,
              52.285
            ],
            [
              4.754,
              52.286
            ],
            [
              4.755,
              52.286
            ],
            [
              4.755,
              52.287
            ],
            [
              4.756,
              52.287
            ],
            [
              4.757,
              52.287
            ],
            [
              4.757,
              52.288
            ],
            [
              4.758,
              52.288
            ],
            [
              4.759,
              52.288
            ],
            [
              4.759,
              52.289
            ],
            [
              4.76,
              52.289
            ],
            [
              4.761,
              52.289
            ],
            [
              4.762,
              52.289
            ],
            [
              4.763,
              52.289
            ],
            [
              4.763,
              52.288
            ],
            [
              4.764,
              52.288
            ],
            [
              4.764,
              52.287
            ],
            [
              4.764,
              52.286
            ],
            [
              4.764,
              52.285
            ],
            [
              4.765,
              52.284
            ],
            [
              4.765,
              52.283
            ],
            [
              4.765,
              52.282
            ],
            [
              4.765,
              52.281
            ],
            [
              4.765,
              52.28
            ],
            [
              4.766,
              52.28
            ],
            [
              4.766,
              52.279
            ],
            [
              4.766,
              52.278
            ],
            [
              4.766,
              52.277
            ],
            [
              4.767,
              52.277
            ],
            [
              4.767,
              52.276
            ],
            [
              4.767,
              52.275
            ],
            [
              4.767,
              52.274
            ],
            [
              4.768,
              52.274
            ],
            [
              4.768,
              52.273
            ],
            [
              4.768,
              52.272
            ],
            [
              4.769,
              52.271
            ],
            [
              4.769,
              52.27
            ],
            [
              4.769,
              52.269
            ],
            [
              4.769,
              52.268
            ],
            [
              4.77,
              52.268
            ],
            [
              4.77,
              52.267
            ],
            [
              4.77,
              52.266
            ],
            [
              4.77,
              52.265
            ],
            [
              4.77,
              52.264
            ],
            [
              4.77,
              52.263
            ],
            [
              4.77,
              52.262
            ],
            [
              4.77,
              52.261
            ],
            [
              4.771,
              52.261
            ],
            [
              4.771,
              52.26
            ],
            [
              4.771,
              52.259
            ],
            [
              4.771,
              52.258
            ],
            [
              4.771,
              52.257
            ],
            [
              4.771,
              52.256
            ],
            [
              4.771,
              52.255
            ],
            [
              4.771,
              52.254
            ],
            [
              4.771,
              52.253
            ],
            [
              4.771,
              52.252
            ],
            [
              4.771,
              52.251
            ],
            [
              4.772,
              52.251
            ],
            [
              4.772,
              52.25
            ],
            [
              4.772,
              52.249
            ],
            [
              4.772,
              52.248
            ],
            [
              4.772,
              52.247
            ],
            [
              4.773,
              52.247
            ]
          ]
        ]
      },
      "properties": {
        "airport": "Schiphol",
        "bandLowerDb": 60,
        "year": 2021,
        "metric": "Lden",
        "kind": "actual",
        "source": "RIVM/CVGG — EU END 2021 noise contours (major airports), via data.overheid.nl",
        "license": "CC0-1.0"
      }
    },
    {
      "type": "Feature",
      "geometry": {
        "type": "Polygon",
        "coordinates": [
          [
            [
              4.75,
              52.302
            ],
            [
              4.751,
              52.302
            ],
            [
              4.752,
              52.302
            ],
            [
              4.753,
              52.302
            ],
            [
              4.754,
              52.302
            ],
            [
              4.755,
              52.302
            ],
            [
              4.755,
              52.303
            ],
            [
              4.756,
              52.303
            ],
            [
              4.757,
              52.303
            ],
            [
              4.758,
              52.304
            ],
            [
              4.759,
              52.304
            ],
            [
              4.76,
              52.304
            ],
            [
              4.76,
              52.305
            ],
            [
              4.761,
              52.305
            ],
            [
              4.762,
              52.306
            ],
            [
              4.763,
              52.306
            ],
            [
              4.763,
              52.307
            ],
            [
              4.764,
              52.307
            ],
            [
              4.765,
              52.307
            ],
            [
              4.765,
              52.308
            ],
            [
              4.766,
              52.308
            ],
            [
              4.767,
              52.309
            ],
            [
              4.768,
              52.309
            ],
            [
              4.768,
              52.31
            ],
            [
              4.769,
              52.31
            ],
            [
              4.769,
              52.311
            ],
            [
              4.77,
              52.311
            ],
            [
              4.77,
              52.312
            ],
            [
              4.77,
              52.313
            ],
            [
              4.77,
              52.314
            ],
            [
              4.769,
              52.314
            ],
            [
              4.769,
              52.315
            ],
            [
              4.768,
              52.315
            ],
            [
              4.767,
              52.315
            ],
            [
              4.766,
              52.315
            ],
            [
              4.765,
              52.315
            ],
            [
              4.764,
              52.315
            ],
            [
              4.763,
              52.315
            ],
            [
              4.762,
              52.315
            ],
            [
              4.761,
              52.315
            ],
            [
              4.76,
              52.315
            ],
            [
              4.759,
              52.315
            ],
            [
              4.759,
              52.314
            ],
            [
              4.758,
              52.314
            ],
            [
              4.757,
              52.314
            ],
            [
              4.756,
              52.314
            ],
            [
              4.755,
              52.314
            ],
            [
              4.754,
              52.314
            ],
            [
              4.753,
              52.314
            ],
            [
              4.752,
              52.313
            ],
            [
              4.751,
              52.313
            ],
            [
              4.75,
              52.313
            ],
            [
              4.749,
              52.313
            ],
            [
              4.748,
              52.313
            ],
            [
              4.747,
              52.313
            ],
            [
              4.746,
              52.312
            ],
            [
              4.745,
              52.312
            ],
            [
              4.745,
              52.311
            ],
            [
              4.745,
              52.31
            ],
            [
              4.745,
              52.309
            ],
            [
              4.745,
              52.308
            ],
            [
              4.745,
              52.307
            ],
            [
              4.746,
              52.307
            ],
            [
              4.746,
              52.306
            ],
            [
              4.746,
              52.305
            ],
            [
              4.747,
              52.305
            ],
            [
              4.747,
              52.304
            ],
            [
              4.747,
              52.303
            ],
            [
              4.748,
              52.303
            ],
            [
              4.748,
              52.302
            ],
            [
              4.749,
              52.302
            ],
            [
              4.75,
              52.302
            ]
          ]
        ]
      },
      "properties": {
        "airport": "Schiphol",
        "bandLowerDb": 60,
        "year": 2021,
        "metric": "Lden",
        "kind": "actual",
        "source": "RIVM/CVGG — EU END 2021 noise contours (major airports), via data.overheid.nl",
        "license": "CC0-1.0"
      }
    },
    {
      "type": "Feature",
      "geometry": {
        "type": "Polygon",
        "coordinates": [
          [
            [
              4.788,
              52.307
            ],
            [
              4.789,
              52.307
            ],
            [
              4.79,
              52.307
            ],
            [
              4.79,
              52.308
            ],
            [
              4.791,
              52.308
            ],
            [
              4.792,
              52.309
            ],
            [
              4.793,
              52.309
            ],
            [
              4.793,
              52.31
            ],
            [
              4.794,
              52.31
            ],
            [
              4.794,
              52.311
            ],
            [
              4.795,
              52.311
            ],
            [
              4.795,
              52.312
            ],
            [
              4.796,
              52.312
            ],
            [
              4.796,
              52.313
            ],
            [
              4.797,
              52.313
            ],
            [
              4.797,
              52.314
            ],
            [
              4.797,
              52.315
            ],
            [
              4.796,
              52.315
            ],
            [
              4.795,
              52.315
            ],
            [
              4.794,
              52.315
            ],
            [
              4.793,
              52.314
            ],
            [
              4.792,
              52.314
            ],
            [
              4.791,
              52.314
            ],
            [
              4.79,
              52.314
            ],
            [
              4.789,
              52.314
            ],
            [
              4.789,
              52.313
            ],
            [
              4.788,
              52.313
            ],
            [
              4.788,
              52.312
            ],
            [
              4.787,
              52.312
            ],
            [
              4.787,
              52.311
            ],
            [
              4.786,
              52.311
            ],
            [
              4.786,
              52.31
            ],
            [
              4.786,
              52.309
            ],
            [
              4.786,
              52.308
            ],
            [
              4.787,
              52.308
            ],
            [
              4.787,
              52.307
            ],
            [
              4.788,
              52.307
            ]
          ]
        ]
      },
      "properties": {
        "airport": "Schiphol",
        "bandLowerDb": 60,
        "year": 2021,
        "metric": "Lden",
        "kind": "actual",
        "source": "RIVM/CVGG — EU END 2021 noise contours (major airports), via data.overheid.nl",
        "license": "CC0-1.0"
      }
    },
    {
      "type": "Feature",
      "geometry": {
        "type": "Polygon",
        "coordinates": [
          [
            [
              4.714,
              52.326
            ],
            [
              4.715,
              52.326
            ],
            [
              4.716,
              52.326
            ],
            [
              4.717,
              52.326
            ],
            [
              4.717,
              52.327
            ],
            [
              4.717,
              52.328
            ],
            [
              4.718,
              52.328
            ],
            [
              4.718,
              52.329
            ],
            [
              4.718,
              52.33
            ],
            [
              4.719,
              52.33
            ],
            [
              4.719,
              52.331
            ],
            [
              4.719,
              52.332
            ],
            [
              4.719,
              52.333
            ],
            [
              4.718,
              52.333
            ],
            [
              4.718,
              52.334
            ],
            [
              4.718,
              52.335
            ],
            [
              4.718,
              52.336
            ],
            [
              4.717,
              52.336
            ],
            [
              4.717,
              52.337
            ],
            [
              4.717,
              52.338
            ],
            [
              4.717,
              52.339
            ],
            [
              4.717,
              52.34
            ],
            [
              4.717,
              52.341
            ],
            [
              4.718,
              52.341
            ],
            [
              4.718,
              52.342
            ],
            [
              4.718,
              52.343
            ],
            [
              4.719,
              52.343
            ],
            [
              4.719,
              52.344
            ],
            [
              4.72,
              52.345
            ],
            [
              4.72,
              52.346
            ],
            [
              4.721,
              52.346
            ],
            [
              4.721,
              52.347
            ],
            [
              4.721,
              52.348
            ],
            [
              4.722,
              52.348
            ],
            [
              4.722,
              52.349
            ],
            [
              4.722,
              52.35
            ],
            [
              4.723,
              52.35
            ],
            [
              4.723,
              52.351
            ],
            [
              4.723,
              52.352
            ],
            [
              4.723,
              52.353
            ],
            [
              4.724,
              52.353
            ],
            [
              4.724,
              52.354
            ],
            [
              4.724,
              52.355
            ],
            [
              4.724,
              52.356
            ],
            [
              4.725,
              52.357
            ],
            [
              4.725,
              52.358
            ],
            [
              4.725,
              52.359
            ],
            [
              4.725,
              52.36
            ],
            [
              4.725,
              52.361
            ],
            [
              4.726,
              52.361
            ],
            [
              4.726,
              52.362
            ],
            [
              4.726,
              52.363
            ],
            [
              4.726,
              52.364
            ],
            [
              4.726,
              52.365
            ],
            [
              4.726,
              52.366
            ],
            [
              4.726,
              52.367
            ],
            [
              4.727,
              52.367
            ],
            [
              4.727,
              52.368
            ],
            [
              4.727,
              52.369
            ],
            [
              4.727,
              52.37
            ],
            [
              4.727,
              52.371
            ],
            [
              4.727,
              52.372
            ],
            [
              4.727,
              52.373
            ],
            [
              4.727,
              52.374
            ],
            [
              4.727,
              52.375
            ],
            [
              4.727,
              52.376
            ],
            [
              4.727,
              52.377
            ],
            [
              4.727,
              52.378
            ],
            [
              4.727,
              52.379
            ],
            [
              4.727,
              52.38
            ],
            [
              4.727,
              52.381
            ],
            [
              4.727,
              52.382
            ],
            [
              4.727,
              52.383
            ],
            [
              4.727,
              52.384
            ],
            [
              4.727,
              52.385
            ],
            [
              4.727,
              52.386
            ],
            [
              4.727,
              52.387
            ],
            [
              4.727,
              52.388
            ],
            [
              4.727,
              52.389
            ],
            [
              4.727,
              52.39
            ],
            [
              4.727,
              52.391
            ],
            [
              4.727,
              52.392
            ],
            [
              4.727,
              52.393
            ],
            [
              4.727,
              52.394
            ],
            [
              4.727,
              52.395
            ],
            [
              4.728,
              52.396
            ],
            [
              4.728,
              52.397
            ],
            [
              4.728,
              52.398
            ],
            [
              4.728,
              52.399
            ],
            [
              4.728,
              52.4
            ],
            [
              4.728,
              52.401
            ],
            [
              4.728,
              52.402
            ],
            [
              4.728,
              52.403
            ],
            [
              4.728,
              52.404
            ],
            [
              4.728,
              52.405
            ],
            [
              4.728,
              52.406
            ],
            [
              4.728,
              52.407
            ],
            [
              4.729,
              52.407
            ],
            [
              4.729,
              52.408
            ],
            [
              4.729,
              52.409
            ],
            [
              4.729,
              52.41
            ],
            [
              4.729,
              52.411
            ],
            [
              4.729,
              52.412
            ],
            [
              4.729,
              52.413
            ],
            [
              4.729,
              52.414
            ],
            [
              4.729,
              52.415
            ],
            [
              4.729,
              52.416
            ],
            [
              4.729,
              52.417
            ],
            [
              4.729,
              52.418
            ],
            [
              4.729,
              52.419
            ],
            [
              4.729,
              52.42
            ],
            [
              4.729,
              52.421
            ],
            [
              4.729,
              52.422
            ],
            [
              4.728,
              52.422
            ],
            [
              4.728,
              52.423
            ],
            [
              4.728,
              52.424
            ],
            [
              4.728,
              52.425
            ],
            [
              4.728,
              52.426
            ],
            [
              4.728,
              52.427
            ],
            [
              4.728,
              52.428
            ],
            [
              4.728,
              52.429
            ],
            [
              4.728,
              52.43
            ],
            [
              4.728,
              52.431
            ],
            [
              4.728,
              52.432
            ],
            [
              4.728,
              52.433
            ],
            [
              4.728,
              52.434
            ],
            [
              4.728,
              52.435
            ],
            [
              4.728,
              52.436
            ],
            [
              4.728,
              52.437
            ],
            [
              4.728,
              52.438
            ],
            [
              4.728,
              52.439
            ],
            [
              4.727,
              52.44
            ],
            [
              4.727,
              52.441
            ],
            [
              4.727,
              52.442
            ],
            [
              4.727,
              52.443
            ],
            [
              4.727,
              52.444
            ],
            [
              4.727,
              52.445
            ],
            [
              4.727,
              52.446
            ],
            [
              4.727,
              52.447
            ],
            [
              4.727,
              52.448
            ],
            [
              4.727,
              52.449
            ],
            [
              4.727,
              52.45
            ],
            [
              4.727,
              52.451
            ],
            [
              4.726,
              52.451
            ],
            [
              4.726,
              52.452
            ],
            [
              4.726,
              52.453
            ],
            [
              4.726,
              52.454
            ],
            [
              4.726,
              52.455
            ],
            [
              4.726,
              52.456
            ],
            [
              4.726,
              52.457
            ],
            [
              4.725,
              52.457
            ],
            [
              4.725,
              52.458
            ],
            [
              4.725,
              52.459
            ],
            [
              4.725,
              52.46
            ],
            [
              4.725,
              52.461
            ],
            [
              4.725,
              52.462
            ],
            [
              4.724,
              52.462
            ],
            [
              4.724,
              52.463
            ],
            [
              4.724,
              52.464
            ],
            [
              4.724,
              52.465
            ],
            [
              4.723,
              52.466
            ],
            [
              4.723,
              52.467
            ],
            [
              4.722,
              52.467
            ],
            [
              4.721,
              52.467
            ],
            [
              4.72,
              52.467
            ],
            [
              4.72,
              52.466
            ],
            [
              4.719,
              52.466
            ],
            [
              4.719,
              52.465
            ],
            [
              4.719,
              52.464
            ],
            [
              4.718,
              52.464
            ],
            [
              4.718,
              52.463
            ],
            [
              4.718,
              52.462
            ],
            [
              4.717,
              52.462
            ],
            [
              4.717,
              52.461
            ],
            [
              4.717,
              52.46
            ],
            [
              4.717,
              52.459
            ],
            [
              4.716,
              52.459
            ],
            [
              4.716,
              52.458
            ],
            [
              4.716,
              52.457
            ],
            [
              4.715,
              52.457
            ],
            [
              4.715,
              52.456
            ],
            [
              4.715,
              52.455
            ],
            [
              4.715,
              52.454
            ],
            [
              4.714,
              52.454
            ],
            [
              4.714,
              52.453
            ],
            [
              4.714,
              52.452
            ],
            [
              4.714,
              52.451
            ],
            [
              4.713,
              52.451
            ],
            [
              4.713,
              52.45
            ],
            [
              4.713,
              52.449
            ],
            [
              4.713,
              52.448
            ],
            [
              4.712,
              52.448
            ],
            [
              4.712,
              52.447
            ],
            [
              4.712,
              52.446
            ],
            [
              4.712,
              52.445
            ],
            [
              4.711,
              52.445
            ],
            [
              4.711,
              52.444
            ],
            [
              4.711,
              52.443
            ],
            [
              4.711,
              52.442
            ],
            [
              4.71,
              52.441
            ],
            [
              4.71,
              52.44
            ],
            [
              4.71,
              52.439
            ],
            [
              4.71,
              52.438
            ],
            [
              4.709,
              52.438
            ],
            [
              4.709,
              52.437
            ],
            [
              4.709,
              52.436
            ],
            [
              4.709,
              52.435
            ],
            [
              4.709,
              52.434
            ],
            [
              4.708,
              52.434
            ],
            [
              4.708,
              52.433
            ],
            [
              4.708,
              52.432
            ],
            [
              4.708,
              52.431
            ],
            [
              4.708,
              52.43
            ],
            [
              4.708,
              52.429
            ],
            [
              4.707,
              52.428
            ],
            [
              4.707,
              52.427
            ],
            [
              4.707,
              52.426
            ],
            [
              4.707,
              52.425
            ],
            [
              4.707,
              52.424
            ],
            [
              4.707,
              52.423
            ],
            [
              4.706,
              52.422
            ],
            [
              4.706,
              52.421
            ],
            [
              4.706,
              52.42
            ],
            [
              4.706,
              52.419
            ],
            [
              4.706,
              52.418
            ],
            [
              4.706,
              52.417
            ],
            [
              4.705,
              52.416
            ],
            [
              4.705,
              52.415
            ],
            [
              4.705,
              52.414
            ],
            [
              4.705,
              52.413
            ],
            [
              4.705,
              52.412
            ],
            [
              4.705,
              52.411
            ],
            [
              4.704,
              52.411
            ],
            [
              4.704,
              52.41
            ],
            [
              4.704,
              52.409
            ],
            [
              4.704,
              52.408
            ],
            [
              4.704,
              52.407
            ],
            [
              4.704,
              52.406
            ],
            [
              4.704,
              52.405
            ],
            [
              4.704,
              52.404
            ],
            [
              4.703,
              52.404
            ],
            [
              4.703,
              52.403
            ],
            [
              4.703,
              52.402
            ],
            [
              4.703,
              52.401
            ],
            [
              4.703,
              52.4
            ],
            [
              4.703,
              52.399
            ],
            [
              4.703,
              52.398
            ],
            [
              4.703,
              52.397
            ],
            [
              4.703,
              52.396
            ],
            [
              4.702,
              52.396
            ],
            [
              4.702,
              52.395
            ],
            [
              4.702,
              52.394
            ],
            [
              4.702,
              52.393
            ],
            [
              4.702,
              52.392
            ],
            [
              4.702,
              52.391
            ],
            [
              4.702,
              52.39
            ],
            [
              4.702,
              52.389
            ],
            [
              4.702,
              52.388
            ],
            [
              4.701,
              52.388
            ],
            [
              4.701,
              52.387
            ],
            [
              4.701,
              52.386
            ],
            [
              4.701,
              52.385
            ],
            [
              4.701,
              52.384
            ],
            [
              4.701,
              52.383
            ],
            [
              4.701,
              52.382
            ],
            [
              4.701,
              52.381
            ],
            [
              4.7,
              52.381
            ],
            [
              4.7,
              52.38
            ],
            [
              4.7,
              52.379
            ],
            [
              4.7,
              52.378
            ],
            [
              4.7,
              52.377
            ],
            [
              4.7,
              52.376
            ],
            [
              4.7,
              52.375
            ],
            [
              4.7,
              52.374
            ],
            [
              4.699,
              52.374
            ],
            [
              4.699,
              52.373
            ],
            [
              4.699,
              52.372
            ],
            [
              4.699,
              52.371
            ],
            [
              4.699,
              52.37
            ],
            [
              4.699,
              52.369
            ],
            [
              4.699,
              52.368
            ],
            [
              4.699,
              52.367
            ],
            [
              4.699,
              52.366
            ],
            [
              4.699,
              52.365
            ],
            [
              4.699,
              52.364
            ],
            [
              4.699,
              52.363
            ],
            [
              4.699,
              52.362
            ],
            [
              4.699,
              52.361
            ],
            [
              4.699,
              52.36
            ],
            [
              4.699,
              52.359
            ],
            [
              4.699,
              52.358
            ],
            [
              4.699,
              52.357
            ],
            [
              4.699,
              52.356
            ],
            [
              4.699,
              52.355
            ],
            [
              4.699,
              52.354
            ],
            [
              4.699,
              52.353
            ],
            [
              4.699,
              52.352
            ],
            [
              4.7,
              52.352
            ],
            [
              4.7,
              52.351
            ],
            [
              4.7,
              52.35
            ],
            [
              4.7,
              52.349
            ],
            [
              4.7,
              52.348
            ],
            [
              4.701,
              52.348
            ],
            [
              4.701,
              52.347
            ],
            [
              4.701,
              52.346
            ],
            [
              4.702,
              52.345
            ],
            [
              4.702,
              52.344
            ],
            [
              4.702,
              52.343
            ],
            [
              4.703,
              52.343
            ],
            [
              4.703,
              52.342
            ],
            [
              4.703,
              52.341
            ],
            [
              4.703,
              52.34
            ],
            [
              4.703,
              52.339
            ],
            [
              4.703,
              52.338
            ],
            [
              4.703,
              52.337
            ],
            [
              4.702,
              52.337
            ],
            [
              4.702,
              52.336
            ],
            [
              4.701,
              52.336
            ],
            [
              4.701,
              52.335
            ],
            [
              4.701,
              52.334
            ],
            [
              4.7,
              52.334
            ],
            [
              4.7,
              52.333
            ],
            [
              4.7,
              52.332
            ],
            [
              4.699,
              52.332
            ],
            [
              4.699,
              52.331
            ],
            [
              4.699,
              52.33
            ],
            [
              4.7,
              52.33
            ],
            [
              4.7,
              52.329
            ],
            [
              4.7,
              52.328
            ],
            [
              4.701,
              52.328
            ],
            [
              4.701,
              52.327
            ],
            [
              4.701,
              52.326
            ],
            [
              4.702,
              52.326
            ],
            [
              4.703,
              52.326
            ],
            [
              4.704,
              52.326
            ],
            [
              4.705,
              52.326
            ],
            [
              4.705,
              52.327
            ],
            [
              4.706,
              52.327
            ],
            [
              4.707,
              52.327
            ],
            [
              4.708,
              52.327
            ],
            [
              4.708,
              52.328
            ],
            [
              4.709,
              52.328
            ],
            [
              4.709,
              52.327
            ],
            [
              4.71,
              52.327
            ],
            [
              4.711,
              52.327
            ],
            [
              4.711,
              52.326
            ],
            [
              4.712,
              52.326
            ],
            [
              4.713,
              52.326
            ],
            [
              4.714,
              52.326
            ]
          ]
        ]
      },
      "properties": {
        "airport": "Schiphol",
        "bandLowerDb": 60,
        "year": 2021,
        "metric": "Lden",
        "kind": "actual",
        "source": "RIVM/CVGG — EU END 2021 noise contours (major airports), via data.overheid.nl",
        "license": "CC0-1.0"
      }
    },
    {
      "type": "Feature",
      "geometry": {
        "type": "Polygon",
        "coordinates": [
          [
            [
              4.673,
              52.264
            ],
            [
              4.673,
              52.263
            ],
            [
              4.674,
              52.263
            ],
            [
              4.675,
              52.263
            ],
            [
              4.675,
              52.264
            ],
            [
              4.676,
              52.264
            ],
            [
              4.677,
              52.264
            ],
            [
              4.678,
              52.264
            ],
            [
              4.679,
              52.264
            ],
            [
              4.68,
              52.264
            ],
            [
              4.681,
              52.264
            ],
            [
              4.681,
              52.265
            ],
            [
              4.682,
              52.265
            ],
            [
              4.683,
              52.265
            ],
            [
              4.684,
              52.265
            ],
            [
              4.685,
              52.266
            ],
            [
              4.686,
              52.266
            ],
            [
              4.687,
              52.266
            ],
            [
              4.688,
              52.266
            ],
            [
              4.689,
              52.267
            ],
            [
              4.69,
              52.267
            ],
            [
              4.691,
              52.267
            ],
            [
              4.692,
              52.267
            ],
            [
              4.692,
              52.268
            ],
            [
              4.693,
              52.268
            ],
            [
              4.694,
              52.268
            ],
            [
              4.695,
              52.268
            ],
            [
              4.695,
              52.269
            ],
            [
              4.696,
              52.269
            ],
            [
              4.697,
              52.269
            ],
            [
              4.698,
              52.269
            ],
            [
              4.698,
              52.27
            ],
            [
              4.699,
              52.27
            ],
            [
              4.7,
              52.27
            ],
            [
              4.701,
              52.27
            ],
            [
              4.701,
              52.271
            ],
            [
              4.702,
              52.271
            ],
            [
              4.703,
              52.271
            ],
            [
              4.704,
              52.272
            ],
            [
              4.705,
              52.272
            ],
            [
              4.706,
              52.272
            ],
            [
              4.707,
              52.273
            ],
            [
              4.708,
              52.273
            ],
            [
              4.709,
              52.273
            ],
            [
              4.71,
              52.273
            ],
            [
              4.71,
              52.274
            ],
            [
              4.711,
              52.274
            ],
            [
              4.712,
              52.274
            ],
            [
              4.713,
              52.274
            ],
            [
              4.713,
              52.275
            ],
            [
              4.714,
              52.275
            ],
            [
              4.715,
              52.275
            ],
            [
              4.716,
              52.275
            ],
            [
              4.716,
              52.276
            ],
            [
              4.717,
              52.276
            ],
            [
              4.718,
              52.276
            ],
            [
              4.719,
              52.276
            ],
            [
              4.72,
              52.276
            ],
            [
              4.72,
              52.277
            ],
            [
              4.721,
              52.277
            ],
            [
              4.722,
              52.277
            ],
            [
              4.723,
              52.277
            ],
            [
              4.723,
              52.278
            ],
            [
              4.724,
              52.278
            ],
            [
              4.725,
              52.278
            ],
            [
              4.726,
              52.278
            ],
            [
              4.727,
              52.278
            ],
            [
              4.727,
              52.279
            ],
            [
              4.728,
              52.279
            ],
            [
              4.729,
              52.279
            ],
            [
              4.73,
              52.279
            ],
            [
              4.731,
              52.279
            ],
            [
              4.732,
              52.279
            ],
            [
              4.733,
              52.279
            ],
            [
              4.734,
              52.279
            ],
            [
              4.735,
              52.279
            ],
            [
              4.736,
              52.279
            ],
            [
              4.736,
              52.28
            ],
            [
              4.737,
              52.28
            ],
            [
              4.737,
              52.281
            ],
            [
              4.738,
              52.281
            ],
            [
              4.738,
              52.282
            ],
            [
              4.739,
              52.282
            ],
            [
              4.74,
              52.283
            ],
            [
              4.741,
              52.283
            ],
            [
              4.741,
              52.284
            ],
            [
              4.742,
              52.284
            ],
            [
              4.743,
              52.284
            ],
            [
              4.743,
              52.285
            ],
            [
              4.744,
              52.285
            ],
            [
              4.745,
              52.285
            ],
            [
              4.745,
              52.286
            ],
            [
              4.746,
              52.286
            ],
            [
              4.747,
              52.286
            ],
            [
              4.747,
              52.287
            ],
            [
              4.748,
              52.287
            ],
            [
              4.749,
              52.287
            ],
            [
              4.749,
              52.288
            ],
            [
              4.75,
              52.288
            ],
            [
              4.751,
              52.288
            ],
            [
              4.751,
              52.289
            ],
            [
              4.752,
              52.289
            ],
            [
              4.753,
              52.289
            ],
            [
              4.753,
              52.29
            ],
            [
              4.754,
              52.29
            ],
            [
              4.755,
              52.291
            ],
            [
              4.756,
              52.291
            ],
            [
              4.756,
              52.292
            ],
            [
              4.757,
              52.292
            ],
            [
              4.758,
              52.292
            ],
            [
              4.758,
              52.293
            ],
            [
              4.759,
              52.293
            ],
            [
              4.759,
              52.294
            ],
            [
              4.76,
              52.294
            ],
            [
              4.761,
              52.294
            ],
            [
              4.761,
              52.295
            ],
            [
              4.762,
              52.295
            ],
            [
              4.763,
              52.295
            ],
            [
              4.764,
              52.296
            ],
            [
              4.765,
              52.296
            ],
            [
              4.765,
              52.297
            ],
            [
              4.766,
              52.297
            ],
            [
              4.767,
              52.297
            ],
            [
              4.768,
              52.297
            ],
            [
              4.769,
              52.296
            ],
            [
              4.77,
              52.296
            ],
            [
              4.77,
              52.295
            ],
            [
              4.771,
              52.295
            ],
            [
              4.771,
              52.294
            ],
            [
              4.771,
              52.293
            ],
            [
              4.771,
              52.292
            ],
            [
              4.771,
              52.291
            ],
            [
              4.771,
              52.29
            ],
            [
              4.771,
              52.289
            ],
            [
              4.771,
              52.288
            ],
            [
              4.771,
              52.287
            ],
            [
              4.771,
              52.286
            ],
            [
              4.772,
              52.285
            ],
            [
              4.772,
              52.284
            ],
            [
              4.772,
              52.283
            ],
            [
              4.772,
              52.282
            ],
            [
              4.772,
              52.281
            ],
            [
              4.772,
              52.28
            ],
            [
              4.772,
              52.279
            ],
            [
              4.772,
              52.278
            ],
            [
              4.773,
              52.278
            ],
            [
              4.773,
              52.277
            ],
            [
              4.773,
              52.276
            ],
            [
              4.773,
              52.275
            ],
            [
              4.773,
              52.274
            ],
            [
              4.773,
              52.273
            ],
            [
              4.773,
              52.272
            ],
            [
              4.774,
              52.272
            ],
            [
              4.774,
              52.271
            ],
            [
              4.774,
              52.27
            ],
            [
              4.774,
              52.269
            ],
            [
              4.775,
              52.268
            ],
            [
              4.775,
              52.267
            ],
            [
              4.776,
              52.267
            ],
            [
              4.777,
              52.268
            ],
            [
              4.777,
              52.269
            ],
            [
              4.778,
              52.269
            ],
            [
              4.778,
              52.27
            ],
            [
              4.778,
              52.271
            ],
            [
              4.779,
              52.271
            ],
            [
              4.779,
              52.272
            ],
            [
              4.779,
              52.273
            ],
            [
              4.78,
              52.274
            ],
            [
              4.78,
              52.275
            ],
            [
              4.78,
              52.276
            ],
            [
              4.781,
              52.276
            ],
            [
              4.781,
              52.277
            ],
            [
              4.781,
              52.278
            ],
            [
              4.781,
              52.279
            ],
            [
              4.782,
              52.279
            ],
            [
              4.782,
              52.28
            ],
            [
              4.782,
              52.281
            ],
            [
              4.782,
              52.282
            ],
            [
              4.783,
              52.282
            ],
            [
              4.783,
              52.283
            ],
            [
              4.783,
              52.284
            ],
            [
              4.783,
              52.285
            ],
            [
              4.783,
              52.286
            ],
            [
              4.783,
              52.287
            ],
            [
              4.783,
              52.288
            ],
            [
              4.784,
              52.288
            ],
            [
              4.784,
              52.289
            ],
            [
              4.784,
              52.29
            ],
            [
              4.784,
              52.291
            ],
            [
              4.784,
              52.292
            ],
            [
              4.784,
              52.293
            ],
            [
              4.784,
              52.294
            ],
            [
              4.784,
              52.295
            ],
            [
              4.784,
              52.296
            ],
            [
              4.785,
              52.296
            ],
            [
              4.785,
              52.297
            ],
            [
              4.785,
              52.298
            ],
            [
              4.784,
              52.298
            ],
            [
              4.784,
              52.299
            ],
            [
              4.785,
              52.299
            ],
            [
              4.785,
              52.3
            ],
            [
              4.786,
              52.3
            ],
            [
              4.787,
              52.3
            ],
            [
              4.788,
              52.301
            ],
            [
              4.788,
              52.302
            ],
            [
              4.789,
              52.302
            ],
            [
              4.789,
              52.303
            ],
            [
              4.79,
              52.303
            ],
            [
              4.79,
              52.304
            ],
            [
              4.791,
              52.304
            ],
            [
              4.791,
              52.305
            ],
            [
              4.792,
              52.305
            ],
            [
              4.792,
              52.306
            ],
            [
              4.793,
              52.306
            ],
            [
              4.794,
              52.306
            ],
            [
              4.794,
              52.307
            ],
            [
              4.794,
              52.308
            ],
            [
              4.793,
              52.308
            ],
            [
              4.793,
              52.307
            ],
            [
              4.792,
              52.307
            ],
            [
              4.792,
              52.306
            ],
            [
              4.791,
              52.306
            ],
            [
              4.79,
              52.306
            ],
            [
              4.79,
              52.305
            ],
            [
              4.789,
              52.305
            ],
            [
              4.788,
              52.305
            ],
            [
              4.788,
              52.304
            ],
            [
              4.787,
              52.304
            ],
            [
              4.786,
              52.304
            ],
            [
              4.785,
              52.304
            ],
            [
              4.784,
              52.304
            ],
            [
              4.784,
              52.305
            ],
            [
              4.783,
              52.305
            ],
            [
              4.783,
              52.306
            ],
            [
              4.783,
              52.307
            ],
            [
              4.783,
              52.308
            ],
            [
              4.783,
              52.309
            ],
            [
              4.783,
              52.31
            ],
            [
              4.783,
              52.311
            ],
            [
              4.783,
              52.312
            ],
            [
              4.783,
              52.313
            ],
            [
              4.784,
              52.313
            ],
            [
              4.784,
              52.314
            ],
            [
              4.784,
              52.315
            ],
            [
              4.785,
              52.315
            ],
            [
              4.786,
              52.315
            ],
            [
              4.786,
              52.316
            ],
            [
              4.787,
              52.316
            ],
            [
              4.788,
              52.316
            ],
            [
              4.789,
              52.316
            ],
            [
              4.79,
              52.316
            ],
            [
              4.791,
              52.316
            ],
            [
              4.792,
              52.316
            ],
            [
              4.793,
              52.316
            ],
            [
              4.794,
              52.316
            ],
            [
              4.795,
              52.316
            ],
            [
              4.796,
              52.316
            ],
            [
              4.797,
              52.316
            ],
            [
              4.798,
              52.316
            ],
            [
              4.798,
              52.317
            ],
            [
              4.799,
              52.317
            ],
            [
              4.8,
              52.317
            ],
            [
              4.801,
              52.317
            ],
            [
              4.802,
              52.317
            ],
            [
              4.803,
              52.316
            ],
            [
              4.804,
              52.316
            ],
            [
              4.804,
              52.315
            ],
            [
              4.804,
              52.316
            ],
            [
              4.805,
              52.316
            ],
            [
              4.806,
              52.316
            ],
            [
              4.807,
              52.316
            ],
            [
              4.808,
              52.317
            ],
            [
              4.809,
              52.317
            ],
            [
              4.81,
              52.317
            ],
            [
              4.811,
              52.317
            ],
            [
              4.812,
              52.318
            ],
            [
              4.813,
              52.318
            ],
            [
              4.814,
              52.318
            ],
            [
              4.815,
              52.318
            ],
            [
              4.816,
              52.318
            ],
            [
              4.817,
              52.318
            ],
            [
              4.817,
              52.319
            ],
            [
              4.818,
              52.319
            ],
            [
              4.819,
              52.319
            ],
            [
              4.82,
              52.319
            ],
            [
              4.821,
              52.319
            ],
            [
              4.822,
              52.319
            ],
            [
              4.822,
              52.32
            ],
            [
              4.821,
              52.32
            ],
            [
              4.82,
              52.32
            ],
            [
              4.819,
              52.32
            ],
            [
              4.818,
              52.32
            ],
            [
              4.817,
              52.32
            ],
            [
              4.816,
              52.32
            ],
            [
              4.815,
              52.32
            ],
            [
              4.814,
              52.32
            ],
            [
              4.814,
              52.321
            ],
            [
              4.813,
              52.321
            ],
            [
              4.812,
              52.321
            ],
            [
              4.811,
              52.321
            ],
            [
              4.811,
              52.32
            ],
            [
              4.81,
              52.32
            ],
            [
              4.809,
              52.32
            ],
            [
              4.808,
              52.32
            ],
            [
              4.807,
              52.32
            ],
            [
              4.806,
              52.32
            ],
            [
              4.805,
              52.32
            ],
            [
              4.804,
              52.319
            ],
            [
              4.803,
              52.319
            ],
            [
              4.802,
              52.319
            ],
            [
              4.801,
              52.319
            ],
            [
              4.801,
              52.32
            ],
            [
              4.8,
              52.32
            ],
            [
              4.799,
              52.32
            ],
            [
              4.798,
              52.32
            ],
            [
              4.797,
              52.32
            ],
            [
              4.796,
              52.32
            ],
            [
              4.795,
              52.32
            ],
            [
              4.794,
              52.32
            ],
            [
              4.793,
              52.32
            ],
            [
              4.792,
              52.32
            ],
            [
              4.791,
              52.32
            ],
            [
              4.79,
              52.32
            ],
            [
              4.789,
              52.32
            ],
            [
              4.788,
              52.32
            ],
            [
              4.787,
              52.32
            ],
            [
              4.786,
              52.32
            ],
            [
              4.786,
              52.321
            ],
            [
              4.786,
              52.322
            ],
            [
              4.785,
              52.322
            ],
            [
              4.784,
              52.322
            ],
            [
              4.783,
              52.322
            ],
            [
              4.782,
              52.322
            ],
            [
              4.781,
              52.322
            ],
            [
              4.78,
              52.322
            ],
            [
              4.779,
              52.322
            ],
            [
              4.778,
              52.322
            ],
            [
              4.777,
              52.322
            ],
            [
              4.776,
              52.322
            ],
            [
              4.775,
              52.322
            ],
            [
              4.775,
              52.321
            ],
            [
              4.774,
              52.321
            ],
            [
              4.774,
              52.32
            ],
            [
              4.773,
              52.32
            ],
            [
              4.772,
              52.32
            ],
            [
              4.771,
              52.319
            ],
            [
              4.77,
              52.319
            ],
            [
              4.769,
              52.319
            ],
            [
              4.768,
              52.319
            ],
            [
              4.767,
              52.319
            ],
            [
              4.766,
              52.319
            ],
            [
              4.765,
              52.319
            ],
            [
              4.764,
              52.319
            ],
            [
              4.763,
              52.319
            ],
            [
              4.762,
              52.319
            ],
            [
              4.761,
              52.319
            ],
            [
              4.76,
              52.319
            ],
            [
              4.759,
              52.319
            ],
            [
              4.758,
              52.319
            ],
            [
              4.757,
              52.319
            ],
            [
              4.756,
              52.319
            ],
            [
              4.755,
              52.319
            ],
            [
              4.754,
              52.319
            ],
            [
              4.753,
              52.319
            ],
            [
              4.752,
              52.319
            ],
            [
              4.751,
              52.319
            ],
            [
              4.75,
              52.319
            ],
            [
              4.749,
              52.319
            ],
            [
              4.748,
              52.319
            ],
            [
              4.747,
              52.319
            ],
            [
              4.746,
              52.318
            ],
            [
              4.746,
              52.317
            ],
            [
              4.746,
              52.316
            ],
            [
              4.746,
              52.315
            ],
            [
              4.747,
              52.315
            ],
            [
              4.748,
              52.314
            ],
            [
              4.749,
              52.314
            ],
            [
              4.75,
              52.314
            ],
            [
              4.75,
              52.315
            ],
            [
              4.751,
              52.315
            ],
            [
              4.752,
              52.315
            ],
            [
              4.753,
              52.315
            ],
            [
              4.754,
              52.315
            ],
            [
              4.755,
              52.315
            ],
            [
              4.756,
              52.315
            ],
            [
              4.756,
              52.316
            ],
            [
              4.757,
              52.316
            ],
            [
              4.758,
              52.316
            ],
            [
              4.759,
              52.316
            ],
            [
              4.76,
              52.316
            ],
            [
              4.761,
              52.316
            ],
            [
              4.762,
              52.316
            ],
            [
              4.763,
              52.316
            ],
            [
              4.764,
              52.316
            ],
            [
              4.765,
              52.316
            ],
            [
              4.766,
              52.316
            ],
            [
              4.767,
              52.316
            ],
            [
              4.768,
              52.316
            ],
            [
              4.769,
              52.316
            ],
            [
              4.77,
              52.316
            ],
            [
              4.771,
              52.316
            ],
            [
              4.772,
              52.316
            ],
            [
              4.773,
              52.316
            ],
            [
              4.774,
              52.315
            ],
            [
              4.775,
              52.315
            ],
            [
              4.775,
              52.314
            ],
            [
              4.775,
              52.313
            ],
            [
              4.775,
              52.312
            ],
            [
              4.775,
              52.311
            ],
            [
              4.775,
              52.31
            ],
            [
              4.775,
              52.309
            ],
            [
              4.774,
              52.309
            ],
            [
              4.774,
              52.308
            ],
            [
              4.773,
              52.308
            ],
            [
              4.772,
              52.308
            ],
            [
              4.771,
              52.308
            ],
            [
              4.77,
              52.308
            ],
            [
              4.77,
              52.307
            ],
            [
              4.769,
              52.307
            ],
            [
              4.769,
              52.306
            ],
            [
              4.768,
              52.306
            ],
            [
              4.767,
              52.305
            ],
            [
              4.766,
              52.305
            ],
            [
              4.765,
              52.304
            ],
            [
              4.764,
              52.303
            ],
            [
              4.763,
              52.303
            ],
            [
              4.763,
              52.302
            ],
            [
              4.762,
              52.302
            ],
            [
              4.761,
              52.302
            ],
            [
              4.76,
              52.302
            ],
            [
              4.76,
              52.301
            ],
            [
              4.759,
              52.301
            ],
            [
              4.758,
              52.3
            ],
            [
              4.757,
              52.3
            ],
            [
              4.756,
              52.3
            ],
            [
              4.755,
              52.3
            ],
            [
              4.754,
              52.3
            ],
            [
              4.753,
              52.3
            ],
            [
              4.753,
              52.299
            ],
            [
              4.752,
              52.299
            ],
            [
              4.751,
              52.299
            ],
            [
              4.75,
              52.299
            ],
            [
              4.749,
              52.299
            ],
            [
              4.748,
              52.299
            ],
            [
              4.747,
              52.298
            ],
            [
              4.746,
              52.298
            ],
            [
              4.745,
              52.298
            ],
            [
              4.744,
              52.298
            ],
            [
              4.743,
              52.298
            ],
            [
              4.742,
              52.298
            ],
            [
              4.741,
              52.298
            ],
            [
              4.741,
              52.299
            ],
            [
              4.741,
              52.3
            ],
            [
              4.742,
              52.3
            ],
            [
              4.742,
              52.301
            ],
            [
              4.742,
              52.302
            ],
            [
              4.742,
              52.303
            ],
            [
              4.742,
              52.304
            ],
            [
              4.742,
              52.305
            ],
            [
              4.742,
              52.306
            ],
            [
              4.742,
              52.307
            ],
            [
              4.742,
              52.308
            ],
            [
              4.742,
              52.309
            ],
            [
              4.742,
              52.31
            ],
            [
              4.742,
              52.311
            ],
            [
              4.742,
              52.312
            ],
            [
              4.742,
              52.313
            ],
            [
              4.742,
              52.314
            ],
            [
              4.742,
              52.315
            ],
            [
              4.742,
              52.316
            ],
            [
              4.742,
              52.317
            ],
            [
              4.743,
              52.318
            ],
            [
              4.743,
              52.319
            ],
            [
              4.743,
              52.32
            ],
            [
              4.743,
              52.321
            ],
            [
              4.743,
              52.322
            ],
            [
              4.743,
              52.323
            ],
            [
              4.744,
              52.323
            ],
            [
              4.744,
              52.324
            ],
            [
              4.744,
              52.325
            ],
            [
              4.744,
              52.326
            ],
            [
              4.744,
              52.327
            ],
            [
              4.745,
              52.328
            ],
            [
              4.745,
              52.329
            ],
            [
              4.745,
              52.33
            ],
            [
              4.745,
              52.331
            ],
            [
              4.745,
              52.332
            ],
            [
              4.745,
              52.333
            ],
            [
              4.744,
              52.333
            ],
            [
              4.744,
              52.334
            ],
            [
              4.744,
              52.335
            ],
            [
              4.744,
              52.336
            ],
            [
              4.744,
              52.337
            ],
            [
              4.744,
              52.338
            ],
            [
              4.744,
              52.339
            ],
            [
              4.744,
              52.34
            ],
            [
              4.744,
              52.341
            ],
            [
              4.744,
              52.342
            ],
            [
              4.744,
              52.343
            ],
            [
              4.744,
              52.344
            ],
            [
              4.744,
              52.345
            ],
            [
              4.744,
              52.346
            ],
            [
              4.744,
              52.347
            ],
            [
              4.744,
              52.348
            ],
            [
              4.744,
              52.349
            ],
            [
              4.744,
              52.35
            ],
            [
              4.743,
              52.35
            ],
            [
              4.743,
              52.351
            ],
            [
              4.743,
              52.352
            ],
            [
              4.743,
              52.353
            ],
            [
              4.743,
              52.354
            ],
            [
              4.742,
              52.354
            ],
            [
              4.741,
              52.354
            ],
            [
              4.741,
              52.353
            ],
            [
              4.741,
              52.352
            ],
            [
              4.74,
              52.352
            ],
            [
              4.74,
              52.351
            ],
            [
              4.74,
              52.35
            ],
            [
              4.74,
              52.349
            ],
            [
              4.74,
              52.348
            ],
            [
              4.74,
              52.347
            ],
            [
              4.739,
              52.347
            ],
            [
              4.739,
              52.346
            ],
            [
              4.739,
              52.345
            ],
            [
              4.739,
              52.344
            ],
            [
              4.739,
              52.343
            ],
            [
              4.739,
              52.342
            ],
            [
              4.739,
              52.341
            ],
            [
              4.739,
              52.34
            ],
            [
              4.738,
              52.34
            ],
            [
              4.738,
              52.339
            ],
            [
              4.738,
              52.338
            ],
            [
              4.738,
              52.337
            ],
            [
              4.738,
              52.336
            ],
            [
              4.738,
              52.335
            ],
            [
              4.738,
              52.334
            ],
            [
              4.738,
              52.333
            ],
            [
              4.737,
              52.333
            ],
            [
              4.736,
              52.332
            ],
            [
              4.735,
              52.332
            ],
            [
              4.735,
              52.331
            ],
            [
              4.735,
              52.33
            ],
            [
              4.735,
              52.329
            ],
            [
              4.735,
              52.328
            ],
            [
              4.735,
              52.327
            ],
            [
              4.735,
              52.326
            ],
            [
              4.735,
              52.325
            ],
            [
              4.735,
              52.324
            ],
            [
              4.735,
              52.323
            ],
            [
              4.735,
              52.322
            ],
            [
              4.735,
              52.321
            ],
            [
              4.735,
              52.32
            ],
            [
              4.735,
              52.319
            ],
            [
              4.735,
              52.318
            ],
            [
              4.735,
              52.317
            ],
            [
              4.735,
              52.316
            ],
            [
              4.735,
              52.315
            ],
            [
              4.735,
              52.314
            ],
            [
              4.735,
              52.313
            ],
            [
              4.735,
              52.312
            ],
            [
              4.735,
              52.311
            ],
            [
              4.735,
              52.31
            ],
            [
              4.735,
              52.309
            ],
            [
              4.734,
              52.309
            ],
            [
              4.734,
              52.308
            ],
            [
              4.734,
              52.307
            ],
            [
              4.734,
              52.306
            ],
            [
              4.734,
              52.305
            ],
            [
              4.733,
              52.305
            ],
            [
              4.733,
              52.304
            ],
            [
              4.733,
              52.303
            ],
            [
              4.733,
              52.302
            ],
            [
              4.733,
              52.301
            ],
            [
              4.734,
              52.3
            ],
            [
              4.735,
              52.299
            ],
            [
              4.735,
              52.298
            ],
            [
              4.734,
              52.298
            ],
            [
              4.734,
              52.297
            ],
            [
              4.733,
              52.296
            ],
            [
              4.733,
              52.295
            ],
            [
              4.732,
              52.295
            ],
            [
              4.732,
              52.294
            ],
            [
              4.731,
              52.294
            ],
            [
              4.73,
              52.294
            ],
            [
              4.73,
              52.293
            ],
            [
              4.729,
              52.293
            ],
            [
              4.728,
              52.293
            ],
            [
              4.728,
              52.292
            ],
            [
              4.727,
              52.292
            ],
            [
              4.726,
              52.292
            ],
            [
              4.726,
              52.291
            ],
            [
              4.725,
              52.291
            ],
            [
              4.724,
              52.291
            ],
            [
              4.724,
              52.29
            ],
            [
              4.723,
              52.29
            ],
            [
              4.722,
              52.29
            ],
            [
              4.721,
              52.29
            ],
            [
              4.721,
              52.289
            ],
            [
              4.72,
              52.289
            ],
            [
              4.719,
              52.289
            ],
            [
              4.719,
              52.288
            ],
            [
              4.718,
              52.288
            ],
            [
              4.717,
              52.288
            ],
            [
              4.717,
              52.287
            ],
            [
              4.716,
              52.287
            ],
            [
              4.715,
              52.287
            ],
            [
              4.715,
              52.286
            ],
            [
              4.714,
              52.286
            ],
            [
              4.713,
              52.286
            ],
            [
              4.713,
              52.285
            ],
            [
              4.712,
              52.285
            ],
            [
              4.711,
              52.285
            ],
            [
              4.71,
              52.284
            ],
            [
              4.709,
              52.284
            ],
            [
              4.708,
              52.283
            ],
            [
              4.707,
              52.283
            ],
            [
              4.706,
              52.283
            ],
            [
              4.706,
              52.282
            ],
            [
              4.705,
              52.282
            ],
            [
              4.704,
              52.282
            ],
            [
              4.704,
              52.281
            ],
            [
              4.703,
              52.281
            ],
            [
              4.702,
              52.28
            ],
            [
              4.701,
              52.28
            ],
            [
              4.7,
              52.279
            ],
            [
              4.699,
              52.279
            ],
            [
              4.698,
              52.279
            ],
            [
              4.698,
              52.278
            ],
            [
              4.697,
              52.278
            ],
            [
              4.696,
              52.278
            ],
            [
              4.696,
              52.277
            ],
            [
              4.695,
              52.277
            ],
            [
              4.694,
              52.277
            ],
            [
              4.694,
              52.276
            ],
            [
              4.693,
              52.276
            ],
            [
              4.692,
              52.276
            ],
            [
              4.692,
              52.275
            ],
            [
              4.691,
              52.275
            ],
            [
              4.69,
              52.275
            ],
            [
              4.69,
              52.274
            ],
            [
              4.689,
              52.274
            ],
            [
              4.688,
              52.274
            ],
            [
              4.688,
              52.273
            ],
            [
              4.687,
              52.273
            ],
            [
              4.686,
              52.273
            ],
            [
              4.686,
              52.272
            ],
            [
              4.685,
              52.272
            ],
            [
              4.684,
              52.272
            ],
            [
              4.684,
              52.271
            ],
            [
              4.683,
              52.271
            ],
            [
              4.682,
              52.271
            ],
            [
              4.682,
              52.27
            ],
            [
              4.681,
              52.27
            ],
            [
              4.68,
              52.27
            ],
            [
              4.68,
              52.269
            ],
            [
              4.679,
              52.269
            ],
            [
              4.678,
              52.269
            ],
            [
              4.678,
              52.268
            ],
            [
              4.677,
              52.268
            ],
            [
              4.676,
              52.267
            ],
            [
              4.675,
              52.267
            ],
            [
              4.675,
              52.266
            ],
            [
              4.674,
              52.266
            ],
            [
              4.673,
              52.265
            ],
            [
              4.672,
              52.264
            ],
            [
              4.673,
              52.264
            ]
          ]
        ]
      },
      "properties": {
        "airport": "Schiphol",
        "bandLowerDb": 65,
        "year": 2021,
        "metric": "Lden",
        "kind": "actual",
        "source": "RIVM/CVGG — EU END 2021 noise contours (major airports), via data.overheid.nl",
        "license": "CC0-1.0"
      }
    },
    {
      "type": "Feature",
      "geometry": {
        "type": "Polygon",
        "coordinates": [
          [
            [
              4.799,
              52.311
            ],
            [
              4.8,
              52.311
            ],
            [
              4.801,
              52.311
            ],
            [
              4.801,
              52.312
            ],
            [
              4.802,
              52.312
            ],
            [
              4.803,
              52.312
            ],
            [
              4.803,
              52.313
            ],
            [
              4.803,
              52.314
            ],
            [
              4.803,
              52.315
            ],
            [
              4.802,
              52.315
            ],
            [
              4.801,
              52.315
            ],
            [
              4.801,
              52.314
            ],
            [
              4.8,
              52.314
            ],
            [
              4.799,
              52.314
            ],
            [
              4.799,
              52.313
            ],
            [
              4.798,
              52.313
            ],
            [
              4.798,
              52.312
            ],
            [
              4.798,
              52.311
            ],
            [
              4.799,
              52.311
            ]
          ]
        ]
      },
      "properties": {
        "airport": "Schiphol",
        "bandLowerDb": 65,
        "year": 2021,
        "metric": "Lden",
        "kind": "actual",
        "source": "RIVM/CVGG — EU END 2021 noise contours (major airports), via data.overheid.nl",
        "license": "CC0-1.0"
      }
    },
    {
      "type": "Feature",
      "geometry": {
        "type": "Polygon",
        "coordinates": [
          [
            [
              4.712,
              52.327
            ],
            [
              4.713,
              52.327
            ],
            [
              4.714,
              52.327
            ],
            [
              4.715,
              52.327
            ],
            [
              4.715,
              52.328
            ],
            [
              4.715,
              52.329
            ],
            [
              4.715,
              52.33
            ],
            [
              4.715,
              52.331
            ],
            [
              4.715,
              52.332
            ],
            [
              4.715,
              52.333
            ],
            [
              4.715,
              52.334
            ],
            [
              4.714,
              52.334
            ],
            [
              4.714,
              52.335
            ],
            [
              4.714,
              52.336
            ],
            [
              4.714,
              52.337
            ],
            [
              4.714,
              52.338
            ],
            [
              4.714,
              52.339
            ],
            [
              4.714,
              52.34
            ],
            [
              4.715,
              52.34
            ],
            [
              4.715,
              52.341
            ],
            [
              4.715,
              52.342
            ],
            [
              4.715,
              52.343
            ],
            [
              4.716,
              52.344
            ],
            [
              4.716,
              52.345
            ],
            [
              4.716,
              52.346
            ],
            [
              4.717,
              52.347
            ],
            [
              4.717,
              52.348
            ],
            [
              4.717,
              52.349
            ],
            [
              4.717,
              52.35
            ],
            [
              4.718,
              52.35
            ],
            [
              4.718,
              52.351
            ],
            [
              4.718,
              52.352
            ],
            [
              4.718,
              52.353
            ],
            [
              4.719,
              52.354
            ],
            [
              4.719,
              52.355
            ],
            [
              4.719,
              52.356
            ],
            [
              4.719,
              52.357
            ],
            [
              4.719,
              52.358
            ],
            [
              4.72,
              52.358
            ],
            [
              4.72,
              52.359
            ],
            [
              4.72,
              52.36
            ],
            [
              4.72,
              52.361
            ],
            [
              4.72,
              52.362
            ],
            [
              4.72,
              52.363
            ],
            [
              4.72,
              52.364
            ],
            [
              4.72,
              52.365
            ],
            [
              4.72,
              52.366
            ],
            [
              4.72,
              52.367
            ],
            [
              4.72,
              52.368
            ],
            [
              4.72,
              52.369
            ],
            [
              4.72,
              52.37
            ],
            [
              4.72,
              52.371
            ],
            [
              4.72,
              52.372
            ],
            [
              4.72,
              52.373
            ],
            [
              4.72,
              52.374
            ],
            [
              4.72,
              52.375
            ],
            [
              4.72,
              52.376
            ],
            [
              4.72,
              52.377
            ],
            [
              4.72,
              52.378
            ],
            [
              4.72,
              52.379
            ],
            [
              4.72,
              52.38
            ],
            [
              4.72,
              52.381
            ],
            [
              4.72,
              52.382
            ],
            [
              4.72,
              52.383
            ],
            [
              4.72,
              52.384
            ],
            [
              4.72,
              52.385
            ],
            [
              4.72,
              52.386
            ],
            [
              4.72,
              52.387
            ],
            [
              4.72,
              52.388
            ],
            [
              4.721,
              52.389
            ],
            [
              4.721,
              52.39
            ],
            [
              4.721,
              52.391
            ],
            [
              4.721,
              52.392
            ],
            [
              4.721,
              52.393
            ],
            [
              4.721,
              52.394
            ],
            [
              4.721,
              52.395
            ],
            [
              4.721,
              52.396
            ],
            [
              4.721,
              52.397
            ],
            [
              4.721,
              52.398
            ],
            [
              4.721,
              52.399
            ],
            [
              4.721,
              52.4
            ],
            [
              4.721,
              52.401
            ],
            [
              4.721,
              52.402
            ],
            [
              4.721,
              52.403
            ],
            [
              4.721,
              52.404
            ],
            [
              4.721,
              52.405
            ],
            [
              4.721,
              52.406
            ],
            [
              4.721,
              52.407
            ],
            [
              4.721,
              52.408
            ],
            [
              4.721,
              52.409
            ],
            [
              4.721,
              52.41
            ],
            [
              4.721,
              52.411
            ],
            [
              4.721,
              52.412
            ],
            [
              4.721,
              52.413
            ],
            [
              4.721,
              52.414
            ],
            [
              4.721,
              52.415
            ],
            [
              4.721,
              52.416
            ],
            [
              4.721,
              52.417
            ],
            [
              4.72,
              52.417
            ],
            [
              4.72,
              52.418
            ],
            [
              4.72,
              52.419
            ],
            [
              4.72,
              52.42
            ],
            [
              4.719,
              52.421
            ],
            [
              4.719,
              52.422
            ],
            [
              4.718,
              52.422
            ],
            [
              4.718,
              52.423
            ],
            [
              4.717,
              52.423
            ],
            [
              4.716,
              52.423
            ],
            [
              4.716,
              52.422
            ],
            [
              4.715,
              52.421
            ],
            [
              4.715,
              52.42
            ],
            [
              4.714,
              52.42
            ],
            [
              4.714,
              52.419
            ],
            [
              4.714,
              52.418
            ],
            [
              4.714,
              52.417
            ],
            [
              4.713,
              52.417
            ],
            [
              4.713,
              52.416
            ],
            [
              4.713,
              52.415
            ],
            [
              4.713,
              52.414
            ],
            [
              4.712,
              52.414
            ],
            [
              4.712,
              52.413
            ],
            [
              4.712,
              52.412
            ],
            [
              4.712,
              52.411
            ],
            [
              4.712,
              52.41
            ],
            [
              4.711,
              52.41
            ],
            [
              4.711,
              52.409
            ],
            [
              4.711,
              52.408
            ],
            [
              4.711,
              52.407
            ],
            [
              4.711,
              52.406
            ],
            [
              4.711,
              52.405
            ],
            [
              4.71,
              52.404
            ],
            [
              4.71,
              52.403
            ],
            [
              4.71,
              52.402
            ],
            [
              4.71,
              52.401
            ],
            [
              4.71,
              52.4
            ],
            [
              4.71,
              52.399
            ],
            [
              4.709,
              52.399
            ],
            [
              4.709,
              52.398
            ],
            [
              4.709,
              52.397
            ],
            [
              4.709,
              52.396
            ],
            [
              4.709,
              52.395
            ],
            [
              4.709,
              52.394
            ],
            [
              4.709,
              52.393
            ],
            [
              4.709,
              52.392
            ],
            [
              4.709,
              52.391
            ],
            [
              4.708,
              52.391
            ],
            [
              4.708,
              52.39
            ],
            [
              4.708,
              52.389
            ],
            [
              4.708,
              52.388
            ],
            [
              4.708,
              52.387
            ],
            [
              4.708,
              52.386
            ],
            [
              4.708,
              52.385
            ],
            [
              4.708,
              52.384
            ],
            [
              4.707,
              52.384
            ],
            [
              4.707,
              52.383
            ],
            [
              4.707,
              52.382
            ],
            [
              4.707,
              52.381
            ],
            [
              4.707,
              52.38
            ],
            [
              4.707,
              52.379
            ],
            [
              4.707,
              52.378
            ],
            [
              4.707,
              52.377
            ],
            [
              4.706,
              52.377
            ],
            [
              4.706,
              52.376
            ],
            [
              4.706,
              52.375
            ],
            [
              4.706,
              52.374
            ],
            [
              4.706,
              52.373
            ],
            [
              4.706,
              52.372
            ],
            [
              4.706,
              52.371
            ],
            [
              4.706,
              52.37
            ],
            [
              4.705,
              52.37
            ],
            [
              4.705,
              52.369
            ],
            [
              4.705,
              52.368
            ],
            [
              4.705,
              52.367
            ],
            [
              4.705,
              52.366
            ],
            [
              4.705,
              52.365
            ],
            [
              4.705,
              52.364
            ],
            [
              4.704,
              52.364
            ],
            [
              4.704,
              52.363
            ],
            [
              4.704,
              52.362
            ],
            [
              4.704,
              52.361
            ],
            [
              4.704,
              52.36
            ],
            [
              4.704,
              52.359
            ],
            [
              4.704,
              52.358
            ],
            [
              4.704,
              52.357
            ],
            [
              4.704,
              52.356
            ],
            [
              4.704,
              52.355
            ],
            [
              4.704,
              52.354
            ],
            [
              4.704,
              52.353
            ],
            [
              4.704,
              52.352
            ],
            [
              4.704,
              52.351
            ],
            [
              4.704,
              52.35
            ],
            [
              4.704,
              52.349
            ],
            [
              4.704,
              52.348
            ],
            [
              4.705,
              52.347
            ],
            [
              4.705,
              52.346
            ],
            [
              4.705,
              52.345
            ],
            [
              4.705,
              52.344
            ],
            [
              4.705,
              52.343
            ],
            [
              4.705,
              52.342
            ],
            [
              4.705,
              52.341
            ],
            [
              4.705,
              52.34
            ],
            [
              4.705,
              52.339
            ],
            [
              4.705,
              52.338
            ],
            [
              4.705,
              52.337
            ],
            [
              4.705,
              52.336
            ],
            [
              4.705,
              52.335
            ],
            [
              4.704,
              52.335
            ],
            [
              4.704,
              52.334
            ],
            [
              4.704,
              52.333
            ],
            [
              4.704,
              52.332
            ],
            [
              4.704,
              52.331
            ],
            [
              4.703,
              52.331
            ],
            [
              4.703,
              52.33
            ],
            [
              4.702,
              52.329
            ],
            [
              4.702,
              52.328
            ],
            [
              4.703,
              52.328
            ],
            [
              4.704,
              52.327
            ],
            [
              4.705,
              52.327
            ],
            [
              4.706,
              52.328
            ],
            [
              4.707,
              52.328
            ],
            [
              4.708,
              52.328
            ],
            [
              4.709,
              52.328
            ],
            [
              4.71,
              52.328
            ],
            [
              4.711,
              52.328
            ],
            [
              4.711,
              52.327
            ],
            [
              4.712,
              52.327
            ]
          ]
        ]
      },
      "properties": {
        "airport": "Schiphol",
        "bandLowerDb": 65,
        "year": 2021,
        "metric": "Lden",
        "kind": "actual",
        "source": "RIVM/CVGG — EU END 2021 noise contours (major airports), via data.overheid.nl",
        "license": "CC0-1.0"
      }
    },
    {
      "type": "Feature",
      "geometry": {
        "type": "Polygon",
        "coordinates": [
          [
            [
              4.705,
              52.277
            ],
            [
              4.706,
              52.277
            ],
            [
              4.707,
              52.277
            ],
            [
              4.708,
              52.277
            ],
            [
              4.709,
              52.277
            ],
            [
              4.71,
              52.278
            ],
            [
              4.711,
              52.278
            ],
            [
              4.712,
              52.278
            ],
            [
              4.713,
              52.278
            ],
            [
              4.714,
              52.278
            ],
            [
              4.714,
              52.279
            ],
            [
              4.715,
              52.279
            ],
            [
              4.716,
              52.279
            ],
            [
              4.717,
              52.28
            ],
            [
              4.718,
              52.28
            ],
            [
              4.719,
              52.28
            ],
            [
              4.72,
              52.28
            ],
            [
              4.721,
              52.281
            ],
            [
              4.722,
              52.281
            ],
            [
              4.723,
              52.281
            ],
            [
              4.724,
              52.282
            ],
            [
              4.725,
              52.282
            ],
            [
              4.726,
              52.282
            ],
            [
              4.727,
              52.282
            ],
            [
              4.727,
              52.283
            ],
            [
              4.728,
              52.283
            ],
            [
              4.729,
              52.283
            ],
            [
              4.729,
              52.284
            ],
            [
              4.73,
              52.284
            ],
            [
              4.731,
              52.284
            ],
            [
              4.732,
              52.284
            ],
            [
              4.733,
              52.284
            ],
            [
              4.734,
              52.284
            ],
            [
              4.734,
              52.285
            ],
            [
              4.735,
              52.285
            ],
            [
              4.736,
              52.285
            ],
            [
              4.736,
              52.286
            ],
            [
              4.737,
              52.286
            ],
            [
              4.738,
              52.286
            ],
            [
              4.739,
              52.286
            ],
            [
              4.739,
              52.287
            ],
            [
              4.74,
              52.287
            ],
            [
              4.741,
              52.287
            ],
            [
              4.741,
              52.288
            ],
            [
              4.742,
              52.288
            ],
            [
              4.743,
              52.288
            ],
            [
              4.744,
              52.288
            ],
            [
              4.745,
              52.289
            ],
            [
              4.746,
              52.289
            ],
            [
              4.746,
              52.29
            ],
            [
              4.747,
              52.29
            ],
            [
              4.748,
              52.29
            ],
            [
              4.749,
              52.29
            ],
            [
              4.749,
              52.291
            ],
            [
              4.75,
              52.291
            ],
            [
              4.751,
              52.291
            ],
            [
              4.751,
              52.292
            ],
            [
              4.752,
              52.292
            ],
            [
              4.753,
              52.292
            ],
            [
              4.754,
              52.293
            ],
            [
              4.755,
              52.293
            ],
            [
              4.756,
              52.293
            ],
            [
              4.756,
              52.294
            ],
            [
              4.757,
              52.294
            ],
            [
              4.758,
              52.295
            ],
            [
              4.759,
              52.295
            ],
            [
              4.76,
              52.295
            ],
            [
              4.76,
              52.296
            ],
            [
              4.761,
              52.296
            ],
            [
              4.762,
              52.296
            ],
            [
              4.763,
              52.297
            ],
            [
              4.764,
              52.297
            ],
            [
              4.765,
              52.297
            ],
            [
              4.765,
              52.298
            ],
            [
              4.766,
              52.298
            ],
            [
              4.767,
              52.298
            ],
            [
              4.768,
              52.298
            ],
            [
              4.769,
              52.299
            ],
            [
              4.77,
              52.299
            ],
            [
              4.771,
              52.299
            ],
            [
              4.772,
              52.299
            ],
            [
              4.773,
              52.299
            ],
            [
              4.774,
              52.299
            ],
            [
              4.775,
              52.299
            ],
            [
              4.775,
              52.298
            ],
            [
              4.775,
              52.297
            ],
            [
              4.775,
              52.296
            ],
            [
              4.775,
              52.295
            ],
            [
              4.775,
              52.294
            ],
            [
              4.775,
              52.293
            ],
            [
              4.776,
              52.293
            ],
            [
              4.776,
              52.292
            ],
            [
              4.776,
              52.291
            ],
            [
              4.776,
              52.29
            ],
            [
              4.777,
              52.289
            ],
            [
              4.778,
              52.289
            ],
            [
              4.779,
              52.289
            ],
            [
              4.779,
              52.29
            ],
            [
              4.779,
              52.291
            ],
            [
              4.78,
              52.291
            ],
            [
              4.78,
              52.292
            ],
            [
              4.78,
              52.293
            ],
            [
              4.78,
              52.294
            ],
            [
              4.781,
              52.294
            ],
            [
              4.781,
              52.295
            ],
            [
              4.781,
              52.296
            ],
            [
              4.781,
              52.297
            ],
            [
              4.782,
              52.298
            ],
            [
              4.782,
              52.299
            ],
            [
              4.782,
              52.3
            ],
            [
              4.782,
              52.301
            ],
            [
              4.782,
              52.302
            ],
            [
              4.782,
              52.303
            ],
            [
              4.782,
              52.304
            ],
            [
              4.782,
              52.305
            ],
            [
              4.782,
              52.306
            ],
            [
              4.782,
              52.307
            ],
            [
              4.782,
              52.308
            ],
            [
              4.782,
              52.309
            ],
            [
              4.782,
              52.31
            ],
            [
              4.782,
              52.311
            ],
            [
              4.782,
              52.312
            ],
            [
              4.782,
              52.313
            ],
            [
              4.782,
              52.314
            ],
            [
              4.782,
              52.315
            ],
            [
              4.783,
              52.315
            ],
            [
              4.783,
              52.316
            ],
            [
              4.784,
              52.316
            ],
            [
              4.785,
              52.316
            ],
            [
              4.786,
              52.316
            ],
            [
              4.787,
              52.317
            ],
            [
              4.788,
              52.317
            ],
            [
              4.789,
              52.317
            ],
            [
              4.79,
              52.317
            ],
            [
              4.791,
              52.317
            ],
            [
              4.792,
              52.317
            ],
            [
              4.793,
              52.317
            ],
            [
              4.794,
              52.317
            ],
            [
              4.795,
              52.317
            ],
            [
              4.795,
              52.318
            ],
            [
              4.796,
              52.318
            ],
            [
              4.795,
              52.318
            ],
            [
              4.794,
              52.319
            ],
            [
              4.793,
              52.319
            ],
            [
              4.792,
              52.319
            ],
            [
              4.791,
              52.319
            ],
            [
              4.79,
              52.319
            ],
            [
              4.789,
              52.319
            ],
            [
              4.788,
              52.319
            ],
            [
              4.787,
              52.319
            ],
            [
              4.786,
              52.319
            ],
            [
              4.785,
              52.319
            ],
            [
              4.785,
              52.32
            ],
            [
              4.784,
              52.32
            ],
            [
              4.784,
              52.321
            ],
            [
              4.783,
              52.321
            ],
            [
              4.782,
              52.321
            ],
            [
              4.781,
              52.322
            ],
            [
              4.78,
              52.322
            ],
            [
              4.779,
              52.322
            ],
            [
              4.778,
              52.322
            ],
            [
              4.777,
              52.321
            ],
            [
              4.776,
              52.321
            ],
            [
              4.776,
              52.32
            ],
            [
              4.775,
              52.32
            ],
            [
              4.775,
              52.319
            ],
            [
              4.774,
              52.319
            ],
            [
              4.773,
              52.319
            ],
            [
              4.772,
              52.319
            ],
            [
              4.771,
              52.319
            ],
            [
              4.77,
              52.319
            ],
            [
              4.769,
              52.319
            ],
            [
              4.768,
              52.319
            ],
            [
              4.767,
              52.319
            ],
            [
              4.766,
              52.318
            ],
            [
              4.765,
              52.318
            ],
            [
              4.764,
              52.318
            ],
            [
              4.763,
              52.318
            ],
            [
              4.762,
              52.318
            ],
            [
              4.761,
              52.318
            ],
            [
              4.76,
              52.318
            ],
            [
              4.759,
              52.318
            ],
            [
              4.758,
              52.318
            ],
            [
              4.757,
              52.318
            ],
            [
              4.756,
              52.318
            ],
            [
              4.755,
              52.318
            ],
            [
              4.754,
              52.318
            ],
            [
              4.753,
              52.318
            ],
            [
              4.752,
              52.318
            ],
            [
              4.751,
              52.318
            ],
            [
              4.75,
              52.318
            ],
            [
              4.75,
              52.319
            ],
            [
              4.75,
              52.318
            ],
            [
              4.749,
              52.318
            ],
            [
              4.748,
              52.318
            ],
            [
              4.747,
              52.317
            ],
            [
              4.747,
              52.316
            ],
            [
              4.748,
              52.316
            ],
            [
              4.749,
              52.316
            ],
            [
              4.749,
              52.315
            ],
            [
              4.75,
              52.315
            ],
            [
              4.75,
              52.316
            ],
            [
              4.751,
              52.316
            ],
            [
              4.752,
              52.316
            ],
            [
              4.753,
              52.316
            ],
            [
              4.754,
              52.316
            ],
            [
              4.755,
              52.317
            ],
            [
              4.756,
              52.317
            ],
            [
              4.757,
              52.317
            ],
            [
              4.758,
              52.317
            ],
            [
              4.759,
              52.317
            ],
            [
              4.76,
              52.317
            ],
            [
              4.761,
              52.317
            ],
            [
              4.762,
              52.317
            ],
            [
              4.763,
              52.317
            ],
            [
              4.764,
              52.317
            ],
            [
              4.765,
              52.317
            ],
            [
              4.766,
              52.317
            ],
            [
              4.767,
              52.316
            ],
            [
              4.768,
              52.316
            ],
            [
              4.769,
              52.316
            ],
            [
              4.77,
              52.316
            ],
            [
              4.771,
              52.316
            ],
            [
              4.772,
              52.316
            ],
            [
              4.773,
              52.316
            ],
            [
              4.774,
              52.316
            ],
            [
              4.775,
              52.316
            ],
            [
              4.776,
              52.316
            ],
            [
              4.776,
              52.315
            ],
            [
              4.776,
              52.314
            ],
            [
              4.776,
              52.313
            ],
            [
              4.776,
              52.312
            ],
            [
              4.776,
              52.311
            ],
            [
              4.776,
              52.31
            ],
            [
              4.776,
              52.309
            ],
            [
              4.776,
              52.308
            ],
            [
              4.775,
              52.307
            ],
            [
              4.774,
              52.307
            ],
            [
              4.774,
              52.306
            ],
            [
              4.773,
              52.306
            ],
            [
              4.772,
              52.306
            ],
            [
              4.771,
              52.306
            ],
            [
              4.771,
              52.305
            ],
            [
              4.77,
              52.305
            ],
            [
              4.77,
              52.304
            ],
            [
              4.769,
              52.304
            ],
            [
              4.768,
              52.304
            ],
            [
              4.767,
              52.304
            ],
            [
              4.767,
              52.303
            ],
            [
              4.766,
              52.303
            ],
            [
              4.766,
              52.302
            ],
            [
              4.765,
              52.302
            ],
            [
              4.764,
              52.302
            ],
            [
              4.763,
              52.302
            ],
            [
              4.763,
              52.301
            ],
            [
              4.762,
              52.301
            ],
            [
              4.761,
              52.301
            ],
            [
              4.761,
              52.3
            ],
            [
              4.76,
              52.3
            ],
            [
              4.759,
              52.3
            ],
            [
              4.759,
              52.299
            ],
            [
              4.758,
              52.299
            ],
            [
              4.757,
              52.299
            ],
            [
              4.756,
              52.299
            ],
            [
              4.755,
              52.299
            ],
            [
              4.755,
              52.298
            ],
            [
              4.754,
              52.298
            ],
            [
              4.753,
              52.298
            ],
            [
              4.752,
              52.297
            ],
            [
              4.751,
              52.297
            ],
            [
              4.75,
              52.297
            ],
            [
              4.749,
              52.297
            ],
            [
              4.748,
              52.296
            ],
            [
              4.747,
              52.296
            ],
            [
              4.746,
              52.296
            ],
            [
              4.746,
              52.295
            ],
            [
              4.745,
              52.295
            ],
            [
              4.744,
              52.295
            ],
            [
              4.743,
              52.295
            ],
            [
              4.742,
              52.295
            ],
            [
              4.742,
              52.294
            ],
            [
              4.741,
              52.294
            ],
            [
              4.74,
              52.294
            ],
            [
              4.739,
              52.293
            ],
            [
              4.738,
              52.293
            ],
            [
              4.737,
              52.293
            ],
            [
              4.736,
              52.293
            ],
            [
              4.736,
              52.292
            ],
            [
              4.735,
              52.292
            ],
            [
              4.735,
              52.291
            ],
            [
              4.734,
              52.291
            ],
            [
              4.733,
              52.291
            ],
            [
              4.732,
              52.291
            ],
            [
              4.732,
              52.29
            ],
            [
              4.731,
              52.29
            ],
            [
              4.73,
              52.289
            ],
            [
              4.729,
              52.289
            ],
            [
              4.729,
              52.288
            ],
            [
              4.728,
              52.288
            ],
            [
              4.727,
              52.288
            ],
            [
              4.726,
              52.288
            ],
            [
              4.725,
              52.288
            ],
            [
              4.725,
              52.287
            ],
            [
              4.724,
              52.287
            ],
            [
              4.724,
              52.286
            ],
            [
              4.723,
              52.286
            ],
            [
              4.722,
              52.286
            ],
            [
              4.721,
              52.285
            ],
            [
              4.72,
              52.285
            ],
            [
              4.719,
              52.285
            ],
            [
              4.719,
              52.284
            ],
            [
              4.718,
              52.284
            ],
            [
              4.717,
              52.283
            ],
            [
              4.716,
              52.283
            ],
            [
              4.715,
              52.283
            ],
            [
              4.715,
              52.282
            ],
            [
              4.714,
              52.282
            ],
            [
              4.713,
              52.282
            ],
            [
              4.713,
              52.281
            ],
            [
              4.712,
              52.281
            ],
            [
              4.711,
              52.281
            ],
            [
              4.711,
              52.28
            ],
            [
              4.71,
              52.28
            ],
            [
              4.709,
              52.28
            ],
            [
              4.709,
              52.279
            ],
            [
              4.708,
              52.279
            ],
            [
              4.708,
              52.278
            ],
            [
              4.707,
              52.278
            ],
            [
              4.706,
              52.277
            ],
            [
              4.705,
              52.277
            ]
          ]
        ]
      },
      "properties": {
        "airport": "Schiphol",
        "bandLowerDb": 70,
        "year": 2021,
        "metric": "Lden",
        "kind": "actual",
        "source": "RIVM/CVGG — EU END 2021 noise contours (major airports), via data.overheid.nl",
        "license": "CC0-1.0"
      }
    },
    {
      "type": "Feature",
      "geometry": {
        "type": "Polygon",
        "coordinates": [
          [
            [
              4.785,
              52.301
            ],
            [
              4.786,
              52.301
            ],
            [
              4.786,
              52.302
            ],
            [
              4.787,
              52.302
            ],
            [
              4.786,
              52.302
            ],
            [
              4.786,
              52.303
            ],
            [
              4.785,
              52.303
            ],
            [
              4.785,
              52.302
            ],
            [
              4.784,
              52.302
            ],
            [
              4.784,
              52.301
            ],
            [
              4.785,
              52.301
            ]
          ]
        ]
      },
      "properties": {
        "airport": "Schiphol",
        "bandLowerDb": 70,
        "year": 2021,
        "metric": "Lden",
        "kind": "actual",
        "source": "RIVM/CVGG — EU END 2021 noise contours (major airports), via data.overheid.nl",
        "license": "CC0-1.0"
      }
    },
    {
      "type": "Feature",
      "geometry": {
        "type": "Polygon",
        "coordinates": [
          [
            [
              4.737,
              52.301
            ],
            [
              4.738,
              52.301
            ],
            [
              4.739,
              52.301
            ],
            [
              4.74,
              52.302
            ],
            [
              4.741,
              52.303
            ],
            [
              4.741,
              52.304
            ],
            [
              4.741,
              52.305
            ],
            [
              4.741,
              52.306
            ],
            [
              4.741,
              52.307
            ],
            [
              4.741,
              52.308
            ],
            [
              4.741,
              52.309
            ],
            [
              4.741,
              52.31
            ],
            [
              4.741,
              52.311
            ],
            [
              4.741,
              52.312
            ],
            [
              4.741,
              52.313
            ],
            [
              4.741,
              52.314
            ],
            [
              4.741,
              52.315
            ],
            [
              4.741,
              52.316
            ],
            [
              4.741,
              52.317
            ],
            [
              4.741,
              52.318
            ],
            [
              4.741,
              52.319
            ],
            [
              4.741,
              52.32
            ],
            [
              4.741,
              52.321
            ],
            [
              4.741,
              52.322
            ],
            [
              4.741,
              52.323
            ],
            [
              4.741,
              52.324
            ],
            [
              4.741,
              52.325
            ],
            [
              4.742,
              52.326
            ],
            [
              4.742,
              52.327
            ],
            [
              4.742,
              52.328
            ],
            [
              4.743,
              52.328
            ],
            [
              4.743,
              52.329
            ],
            [
              4.743,
              52.33
            ],
            [
              4.743,
              52.331
            ],
            [
              4.743,
              52.332
            ],
            [
              4.742,
              52.332
            ],
            [
              4.741,
              52.333
            ],
            [
              4.74,
              52.333
            ],
            [
              4.74,
              52.332
            ],
            [
              4.739,
              52.332
            ],
            [
              4.738,
              52.332
            ],
            [
              4.737,
              52.331
            ],
            [
              4.737,
              52.33
            ],
            [
              4.737,
              52.329
            ],
            [
              4.737,
              52.328
            ],
            [
              4.737,
              52.327
            ],
            [
              4.737,
              52.326
            ],
            [
              4.737,
              52.325
            ],
            [
              4.737,
              52.324
            ],
            [
              4.737,
              52.323
            ],
            [
              4.737,
              52.322
            ],
            [
              4.736,
              52.322
            ],
            [
              4.736,
              52.321
            ],
            [
              4.736,
              52.32
            ],
            [
              4.736,
              52.319
            ],
            [
              4.736,
              52.318
            ],
            [
              4.736,
              52.317
            ],
            [
              4.736,
              52.316
            ],
            [
              4.736,
              52.315
            ],
            [
              4.736,
              52.314
            ],
            [
              4.736,
              52.313
            ],
            [
              4.736,
              52.312
            ],
            [
              4.736,
              52.311
            ],
            [
              4.736,
              52.31
            ],
            [
              4.736,
              52.309
            ],
            [
              4.736,
              52.308
            ],
            [
              4.736,
              52.307
            ],
            [
              4.735,
              52.307
            ],
            [
              4.735,
              52.306
            ],
            [
              4.735,
              52.305
            ],
            [
              4.735,
              52.304
            ],
            [
              4.735,
              52.303
            ],
            [
              4.735,
              52.302
            ],
            [
              4.736,
              52.302
            ],
            [
              4.736,
              52.301
            ],
            [
              4.737,
              52.301
            ]
          ]
        ]
      },
      "properties": {
        "airport": "Schiphol",
        "bandLowerDb": 70,
        "year": 2021,
        "metric": "Lden",
        "kind": "actual",
        "source": "RIVM/CVGG — EU END 2021 noise contours (major airports), via data.overheid.nl",
        "license": "CC0-1.0"
      }
    },
    {
      "type": "Feature",
      "geometry": {
        "type": "Polygon",
        "coordinates": [
          [
            [
              4.712,
              52.328
            ],
            [
              4.713,
              52.328
            ],
            [
              4.713,
              52.329
            ],
            [
              4.714,
              52.329
            ],
            [
              4.713,
              52.329
            ],
            [
              4.713,
              52.33
            ],
            [
              4.713,
              52.331
            ],
            [
              4.713,
              52.332
            ],
            [
              4.713,
              52.333
            ],
            [
              4.713,
              52.334
            ],
            [
              4.713,
              52.335
            ],
            [
              4.712,
              52.335
            ],
            [
              4.712,
              52.336
            ],
            [
              4.712,
              52.337
            ],
            [
              4.712,
              52.338
            ],
            [
              4.712,
              52.339
            ],
            [
              4.712,
              52.34
            ],
            [
              4.713,
              52.34
            ],
            [
              4.713,
              52.341
            ],
            [
              4.713,
              52.342
            ],
            [
              4.713,
              52.343
            ],
            [
              4.714,
              52.343
            ],
            [
              4.714,
              52.344
            ],
            [
              4.714,
              52.345
            ],
            [
              4.714,
              52.346
            ],
            [
              4.715,
              52.347
            ],
            [
              4.715,
              52.348
            ],
            [
              4.715,
              52.349
            ],
            [
              4.715,
              52.35
            ],
            [
              4.715,
              52.351
            ],
            [
              4.715,
              52.352
            ],
            [
              4.715,
              52.353
            ],
            [
              4.715,
              52.354
            ],
            [
              4.715,
              52.355
            ],
            [
              4.715,
              52.356
            ],
            [
              4.715,
              52.357
            ],
            [
              4.715,
              52.358
            ],
            [
              4.715,
              52.359
            ],
            [
              4.715,
              52.36
            ],
            [
              4.715,
              52.361
            ],
            [
              4.715,
              52.362
            ],
            [
              4.715,
              52.363
            ],
            [
              4.716,
              52.363
            ],
            [
              4.716,
              52.364
            ],
            [
              4.716,
              52.365
            ],
            [
              4.716,
              52.366
            ],
            [
              4.716,
              52.367
            ],
            [
              4.716,
              52.368
            ],
            [
              4.716,
              52.369
            ],
            [
              4.716,
              52.37
            ],
            [
              4.716,
              52.371
            ],
            [
              4.716,
              52.372
            ],
            [
              4.716,
              52.373
            ],
            [
              4.716,
              52.374
            ],
            [
              4.716,
              52.375
            ],
            [
              4.716,
              52.376
            ],
            [
              4.716,
              52.377
            ],
            [
              4.716,
              52.378
            ],
            [
              4.716,
              52.379
            ],
            [
              4.716,
              52.38
            ],
            [
              4.716,
              52.381
            ],
            [
              4.716,
              52.382
            ],
            [
              4.716,
              52.383
            ],
            [
              4.716,
              52.384
            ],
            [
              4.716,
              52.385
            ],
            [
              4.716,
              52.386
            ],
            [
              4.716,
              52.387
            ],
            [
              4.716,
              52.388
            ],
            [
              4.716,
              52.389
            ],
            [
              4.716,
              52.39
            ],
            [
              4.715,
              52.39
            ],
            [
              4.715,
              52.391
            ],
            [
              4.714,
              52.391
            ],
            [
              4.714,
              52.39
            ],
            [
              4.714,
              52.389
            ],
            [
              4.713,
              52.389
            ],
            [
              4.713,
              52.388
            ],
            [
              4.713,
              52.387
            ],
            [
              4.713,
              52.386
            ],
            [
              4.712,
              52.386
            ],
            [
              4.712,
              52.385
            ],
            [
              4.712,
              52.384
            ],
            [
              4.712,
              52.383
            ],
            [
              4.712,
              52.382
            ],
            [
              4.711,
              52.382
            ],
            [
              4.711,
              52.381
            ],
            [
              4.711,
              52.38
            ],
            [
              4.711,
              52.379
            ],
            [
              4.711,
              52.378
            ],
            [
              4.71,
              52.378
            ],
            [
              4.71,
              52.377
            ],
            [
              4.71,
              52.376
            ],
            [
              4.71,
              52.375
            ],
            [
              4.71,
              52.374
            ],
            [
              4.71,
              52.373
            ],
            [
              4.709,
              52.373
            ],
            [
              4.709,
              52.372
            ],
            [
              4.709,
              52.371
            ],
            [
              4.709,
              52.37
            ],
            [
              4.709,
              52.369
            ],
            [
              4.709,
              52.368
            ],
            [
              4.709,
              52.367
            ],
            [
              4.709,
              52.366
            ],
            [
              4.709,
              52.365
            ],
            [
              4.709,
              52.364
            ],
            [
              4.708,
              52.364
            ],
            [
              4.708,
              52.363
            ],
            [
              4.708,
              52.362
            ],
            [
              4.708,
              52.361
            ],
            [
              4.708,
              52.36
            ],
            [
              4.708,
              52.359
            ],
            [
              4.708,
              52.358
            ],
            [
              4.708,
              52.357
            ],
            [
              4.708,
              52.356
            ],
            [
              4.708,
              52.355
            ],
            [
              4.708,
              52.354
            ],
            [
              4.707,
              52.354
            ],
            [
              4.707,
              52.353
            ],
            [
              4.707,
              52.352
            ],
            [
              4.707,
              52.351
            ],
            [
              4.707,
              52.35
            ],
            [
              4.707,
              52.349
            ],
            [
              4.707,
              52.348
            ],
            [
              4.707,
              52.347
            ],
            [
              4.707,
              52.346
            ],
            [
              4.707,
              52.345
            ],
            [
              4.707,
              52.344
            ],
            [
              4.707,
              52.343
            ],
            [
              4.707,
              52.342
            ],
            [
              4.707,
              52.341
            ],
            [
              4.707,
              52.34
            ],
            [
              4.707,
              52.339
            ],
            [
              4.707,
              52.338
            ],
            [
              4.706,
              52.338
            ],
            [
              4.706,
              52.337
            ],
            [
              4.706,
              52.336
            ],
            [
              4.706,
              52.335
            ],
            [
              4.706,
              52.334
            ],
            [
              4.705,
              52.333
            ],
            [
              4.705,
              52.332
            ],
            [
              4.705,
              52.331
            ],
            [
              4.705,
              52.33
            ],
            [
              4.704,
              52.33
            ],
            [
              4.704,
              52.329
            ],
            [
              4.705,
              52.329
            ],
            [
              4.705,
              52.328
            ],
            [
              4.706,
              52.328
            ],
            [
              4.706,
              52.329
            ],
            [
              4.707,
              52.329
            ],
            [
              4.708,
              52.329
            ],
            [
              4.709,
              52.329
            ],
            [
              4.71,
              52.329
            ],
            [
              4.711,
              52.329
            ],
            [
              4.711,
              52.328
            ],
            [
              4.712,
              52.328
            ]
          ]
        ]
      },
      "properties": {
        "airport": "Schiphol",
        "bandLowerDb": 70,
        "year": 2021,
        "metric": "Lden",
        "kind": "actual",
        "source": "RIVM/CVGG — EU END 2021 noise contours (major airports), via data.overheid.nl",
        "license": "CC0-1.0"
      }
    },
    {
      "type": "Feature",
      "geometry": {
        "type": "Polygon",
        "coordinates": [
          [
            [
              4.728,
              52.285
            ],
            [
              4.729,
              52.285
            ],
            [
              4.73,
              52.286
            ],
            [
              4.729,
              52.286
            ],
            [
              4.728,
              52.286
            ],
            [
              4.727,
              52.286
            ],
            [
              4.727,
              52.285
            ],
            [
              4.728,
              52.285
            ]
          ]
        ]
      },
      "properties": {
        "airport": "Schiphol",
        "bandLowerDb": 75,
        "year": 2021,
        "metric": "Lden",
        "kind": "actual",
        "source": "RIVM/CVGG — EU END 2021 noise contours (major airports), via data.overheid.nl",
        "license": "CC0-1.0"
      }
    },
    {
      "type": "Feature",
      "geometry": {
        "type": "Polygon",
        "coordinates": [
          [
            [
              4.733,
              52.287
            ],
            [
              4.734,
              52.287
            ],
            [
              4.735,
              52.287
            ],
            [
              4.736,
              52.287
            ],
            [
              4.737,
              52.287
            ],
            [
              4.737,
              52.288
            ],
            [
              4.738,
              52.288
            ],
            [
              4.738,
              52.289
            ],
            [
              4.739,
              52.289
            ],
            [
              4.74,
              52.289
            ],
            [
              4.741,
              52.289
            ],
            [
              4.742,
              52.289
            ],
            [
              4.743,
              52.29
            ],
            [
              4.744,
              52.29
            ],
            [
              4.745,
              52.29
            ],
            [
              4.745,
              52.291
            ],
            [
              4.746,
              52.291
            ],
            [
              4.747,
              52.291
            ],
            [
              4.748,
              52.291
            ],
            [
              4.749,
              52.292
            ],
            [
              4.75,
              52.292
            ],
            [
              4.75,
              52.293
            ],
            [
              4.751,
              52.293
            ],
            [
              4.752,
              52.293
            ],
            [
              4.753,
              52.293
            ],
            [
              4.754,
              52.293
            ],
            [
              4.754,
              52.294
            ],
            [
              4.755,
              52.294
            ],
            [
              4.756,
              52.294
            ],
            [
              4.756,
              52.295
            ],
            [
              4.757,
              52.295
            ],
            [
              4.757,
              52.296
            ],
            [
              4.758,
              52.296
            ],
            [
              4.759,
              52.296
            ],
            [
              4.76,
              52.296
            ],
            [
              4.761,
              52.296
            ],
            [
              4.761,
              52.297
            ],
            [
              4.762,
              52.297
            ],
            [
              4.763,
              52.298
            ],
            [
              4.764,
              52.298
            ],
            [
              4.765,
              52.298
            ],
            [
              4.766,
              52.298
            ],
            [
              4.767,
              52.299
            ],
            [
              4.768,
              52.299
            ],
            [
              4.768,
              52.3
            ],
            [
              4.769,
              52.3
            ],
            [
              4.77,
              52.3
            ],
            [
              4.771,
              52.3
            ],
            [
              4.772,
              52.3
            ],
            [
              4.773,
              52.3
            ],
            [
              4.773,
              52.301
            ],
            [
              4.774,
              52.301
            ],
            [
              4.775,
              52.301
            ],
            [
              4.776,
              52.301
            ],
            [
              4.777,
              52.301
            ],
            [
              4.777,
              52.3
            ],
            [
              4.777,
              52.299
            ],
            [
              4.778,
              52.299
            ],
            [
              4.778,
              52.298
            ],
            [
              4.779,
              52.298
            ],
            [
              4.779,
              52.299
            ],
            [
              4.78,
              52.299
            ],
            [
              4.78,
              52.3
            ],
            [
              4.78,
              52.301
            ],
            [
              4.78,
              52.302
            ],
            [
              4.78,
              52.303
            ],
            [
              4.78,
              52.304
            ],
            [
              4.78,
              52.305
            ],
            [
              4.78,
              52.306
            ],
            [
              4.781,
              52.306
            ],
            [
              4.781,
              52.307
            ],
            [
              4.781,
              52.308
            ],
            [
              4.781,
              52.309
            ],
            [
              4.781,
              52.31
            ],
            [
              4.781,
              52.311
            ],
            [
              4.781,
              52.312
            ],
            [
              4.781,
              52.313
            ],
            [
              4.781,
              52.314
            ],
            [
              4.781,
              52.315
            ],
            [
              4.781,
              52.316
            ],
            [
              4.782,
              52.316
            ],
            [
              4.782,
              52.317
            ],
            [
              4.783,
              52.317
            ],
            [
              4.784,
              52.317
            ],
            [
              4.785,
              52.317
            ],
            [
              4.785,
              52.318
            ],
            [
              4.784,
              52.318
            ],
            [
              4.784,
              52.319
            ],
            [
              4.783,
              52.319
            ],
            [
              4.783,
              52.32
            ],
            [
              4.782,
              52.32
            ],
            [
              4.782,
              52.321
            ],
            [
              4.781,
              52.321
            ],
            [
              4.78,
              52.321
            ],
            [
              4.779,
              52.321
            ],
            [
              4.778,
              52.321
            ],
            [
              4.777,
              52.32
            ],
            [
              4.777,
              52.319
            ],
            [
              4.776,
              52.319
            ],
            [
              4.775,
              52.318
            ],
            [
              4.774,
              52.318
            ],
            [
              4.774,
              52.317
            ],
            [
              4.775,
              52.317
            ],
            [
              4.776,
              52.317
            ],
            [
              4.776,
              52.316
            ],
            [
              4.777,
              52.316
            ],
            [
              4.777,
              52.315
            ],
            [
              4.777,
              52.314
            ],
            [
              4.777,
              52.313
            ],
            [
              4.777,
              52.312
            ],
            [
              4.777,
              52.311
            ],
            [
              4.777,
              52.31
            ],
            [
              4.777,
              52.309
            ],
            [
              4.777,
              52.308
            ],
            [
              4.777,
              52.307
            ],
            [
              4.776,
              52.307
            ],
            [
              4.776,
              52.306
            ],
            [
              4.775,
              52.306
            ],
            [
              4.774,
              52.306
            ],
            [
              4.773,
              52.306
            ],
            [
              4.773,
              52.305
            ],
            [
              4.772,
              52.305
            ],
            [
              4.771,
              52.304
            ],
            [
              4.77,
              52.304
            ],
            [
              4.769,
              52.303
            ],
            [
              4.768,
              52.303
            ],
            [
              4.767,
              52.303
            ],
            [
              4.767,
              52.302
            ],
            [
              4.766,
              52.302
            ],
            [
              4.766,
              52.301
            ],
            [
              4.765,
              52.301
            ],
            [
              4.764,
              52.301
            ],
            [
              4.763,
              52.301
            ],
            [
              4.762,
              52.301
            ],
            [
              4.762,
              52.3
            ],
            [
              4.761,
              52.3
            ],
            [
              4.761,
              52.299
            ],
            [
              4.76,
              52.299
            ],
            [
              4.759,
              52.299
            ],
            [
              4.758,
              52.299
            ],
            [
              4.757,
              52.298
            ],
            [
              4.756,
              52.298
            ],
            [
              4.755,
              52.298
            ],
            [
              4.755,
              52.297
            ],
            [
              4.754,
              52.297
            ],
            [
              4.753,
              52.297
            ],
            [
              4.752,
              52.297
            ],
            [
              4.751,
              52.296
            ],
            [
              4.75,
              52.296
            ],
            [
              4.749,
              52.295
            ],
            [
              4.748,
              52.295
            ],
            [
              4.747,
              52.295
            ],
            [
              4.747,
              52.294
            ],
            [
              4.746,
              52.294
            ],
            [
              4.745,
              52.294
            ],
            [
              4.744,
              52.294
            ],
            [
              4.744,
              52.293
            ],
            [
              4.743,
              52.293
            ],
            [
              4.742,
              52.292
            ],
            [
              4.741,
              52.292
            ],
            [
              4.74,
              52.292
            ],
            [
              4.74,
              52.291
            ],
            [
              4.739,
              52.291
            ],
            [
              4.738,
              52.291
            ],
            [
              4.738,
              52.29
            ],
            [
              4.737,
              52.29
            ],
            [
              4.736,
              52.29
            ],
            [
              4.735,
              52.29
            ],
            [
              4.734,
              52.29
            ],
            [
              4.734,
              52.289
            ],
            [
              4.733,
              52.289
            ],
            [
              4.732,
              52.289
            ],
            [
              4.732,
              52.288
            ],
            [
              4.732,
              52.287
            ],
            [
              4.733,
              52.287
            ]
          ]
        ]
      },
      "properties": {
        "airport": "Schiphol",
        "bandLowerDb": 75,
        "year": 2021,
        "metric": "Lden",
        "kind": "actual",
        "source": "RIVM/CVGG — EU END 2021 noise contours (major airports), via data.overheid.nl",
        "license": "CC0-1.0"
      }
    },
    {
      "type": "Feature",
      "geometry": {
        "type": "Polygon",
        "coordinates": [
          [
            [
              4.737,
              52.303
            ],
            [
              4.738,
              52.303
            ],
            [
              4.739,
              52.303
            ],
            [
              4.74,
              52.303
            ],
            [
              4.74,
              52.304
            ],
            [
              4.74,
              52.305
            ],
            [
              4.74,
              52.306
            ],
            [
              4.74,
              52.307
            ],
            [
              4.74,
              52.308
            ],
            [
              4.74,
              52.309
            ],
            [
              4.74,
              52.31
            ],
            [
              4.74,
              52.311
            ],
            [
              4.74,
              52.312
            ],
            [
              4.74,
              52.313
            ],
            [
              4.74,
              52.314
            ],
            [
              4.74,
              52.315
            ],
            [
              4.74,
              52.316
            ],
            [
              4.74,
              52.317
            ],
            [
              4.74,
              52.318
            ],
            [
              4.739,
              52.318
            ],
            [
              4.739,
              52.319
            ],
            [
              4.739,
              52.32
            ],
            [
              4.738,
              52.32
            ],
            [
              4.738,
              52.319
            ],
            [
              4.737,
              52.318
            ],
            [
              4.737,
              52.317
            ],
            [
              4.737,
              52.316
            ],
            [
              4.737,
              52.315
            ],
            [
              4.737,
              52.314
            ],
            [
              4.737,
              52.313
            ],
            [
              4.737,
              52.312
            ],
            [
              4.737,
              52.311
            ],
            [
              4.737,
              52.31
            ],
            [
              4.737,
              52.309
            ],
            [
              4.737,
              52.308
            ],
            [
              4.737,
              52.307
            ],
            [
              4.737,
              52.306
            ],
            [
              4.736,
              52.306
            ],
            [
              4.736,
              52.305
            ],
            [
              4.736,
              52.304
            ],
            [
              4.736,
              52.303
            ],
            [
              4.737,
              52.303
            ]
          ]
        ]
      },
      "properties": {
        "airport": "Schiphol",
        "bandLowerDb": 75,
        "year": 2021,
        "metric": "Lden",
        "kind": "actual",
        "source": "RIVM/CVGG — EU END 2021 noise contours (major airports), via data.overheid.nl",
        "license": "CC0-1.0"
      }
    },
    {
      "type": "Feature",
      "geometry": {
        "type": "Polygon",
        "coordinates": [
          [
            [
              4.75,
              52.317
            ],
            [
              4.751,
              52.317
            ],
            [
              4.75,
              52.318
            ],
            [
              4.75,
              52.317
            ],
            [
              4.749,
              52.317
            ],
            [
              4.75,
              52.317
            ]
          ]
        ]
      },
      "properties": {
        "airport": "Schiphol",
        "bandLowerDb": 75,
        "year": 2021,
        "metric": "Lden",
        "kind": "actual",
        "source": "RIVM/CVGG — EU END 2021 noise contours (major airports), via data.overheid.nl",
        "license": "CC0-1.0"
      }
    },
    {
      "type": "Feature",
      "geometry": {
        "type": "Polygon",
        "coordinates": [
          [
            [
              4.77,
              52.318
            ],
            [
              4.771,
              52.317
            ],
            [
              4.772,
              52.318
            ],
            [
              4.771,
              52.318
            ],
            [
              4.77,
              52.318
            ]
          ]
        ]
      },
      "properties": {
        "airport": "Schiphol",
        "bandLowerDb": 75,
        "year": 2021,
        "metric": "Lden",
        "kind": "actual",
        "source": "RIVM/CVGG — EU END 2021 noise contours (major airports), via data.overheid.nl",
        "license": "CC0-1.0"
      }
    },
    {
      "type": "Feature",
      "geometry": {
        "type": "Polygon",
        "coordinates": [
          [
            [
              4.707,
              52.329
            ],
            [
              4.708,
              52.329
            ],
            [
              4.709,
              52.329
            ],
            [
              4.71,
              52.329
            ],
            [
              4.711,
              52.329
            ],
            [
              4.712,
              52.33
            ],
            [
              4.712,
              52.331
            ],
            [
              4.712,
              52.332
            ],
            [
              4.712,
              52.333
            ],
            [
              4.711,
              52.333
            ],
            [
              4.711,
              52.334
            ],
            [
              4.711,
              52.335
            ],
            [
              4.711,
              52.336
            ],
            [
              4.711,
              52.337
            ],
            [
              4.711,
              52.338
            ],
            [
              4.71,
              52.338
            ],
            [
              4.71,
              52.339
            ],
            [
              4.71,
              52.34
            ],
            [
              4.71,
              52.341
            ],
            [
              4.71,
              52.342
            ],
            [
              4.711,
              52.342
            ],
            [
              4.711,
              52.343
            ],
            [
              4.711,
              52.344
            ],
            [
              4.712,
              52.344
            ],
            [
              4.712,
              52.345
            ],
            [
              4.712,
              52.346
            ],
            [
              4.712,
              52.347
            ],
            [
              4.713,
              52.347
            ],
            [
              4.713,
              52.348
            ],
            [
              4.713,
              52.349
            ],
            [
              4.713,
              52.35
            ],
            [
              4.713,
              52.351
            ],
            [
              4.714,
              52.351
            ],
            [
              4.714,
              52.352
            ],
            [
              4.714,
              52.353
            ],
            [
              4.714,
              52.354
            ],
            [
              4.714,
              52.355
            ],
            [
              4.714,
              52.356
            ],
            [
              4.714,
              52.357
            ],
            [
              4.714,
              52.358
            ],
            [
              4.714,
              52.359
            ],
            [
              4.714,
              52.36
            ],
            [
              4.714,
              52.361
            ],
            [
              4.714,
              52.362
            ],
            [
              4.714,
              52.363
            ],
            [
              4.714,
              52.364
            ],
            [
              4.714,
              52.365
            ],
            [
              4.714,
              52.366
            ],
            [
              4.714,
              52.367
            ],
            [
              4.713,
              52.367
            ],
            [
              4.713,
              52.368
            ],
            [
              4.713,
              52.369
            ],
            [
              4.713,
              52.37
            ],
            [
              4.712,
              52.37
            ],
            [
              4.711,
              52.37
            ],
            [
              4.711,
              52.369
            ],
            [
              4.711,
              52.368
            ],
            [
              4.711,
              52.367
            ],
            [
              4.71,
              52.367
            ],
            [
              4.71,
              52.366
            ],
            [
              4.71,
              52.365
            ],
            [
              4.71,
              52.364
            ],
            [
              4.71,
              52.363
            ],
            [
              4.71,
              52.362
            ],
            [
              4.709,
              52.361
            ],
            [
              4.709,
              52.36
            ],
            [
              4.71,
              52.36
            ],
            [
              4.71,
              52.359
            ],
            [
              4.71,
              52.358
            ],
            [
              4.71,
              52.357
            ],
            [
              4.71,
              52.356
            ],
            [
              4.71,
              52.355
            ],
            [
              4.71,
              52.354
            ],
            [
              4.71,
              52.353
            ],
            [
              4.71,
              52.352
            ],
            [
              4.709,
              52.352
            ],
            [
              4.709,
              52.351
            ],
            [
              4.709,
              52.35
            ],
            [
              4.709,
              52.349
            ],
            [
              4.709,
              52.348
            ],
            [
              4.709,
              52.347
            ],
            [
              4.709,
              52.346
            ],
            [
              4.709,
              52.345
            ],
            [
              4.709,
              52.344
            ],
            [
              4.709,
              52.343
            ],
            [
              4.709,
              52.342
            ],
            [
              4.709,
              52.341
            ],
            [
              4.709,
              52.34
            ],
            [
              4.708,
              52.34
            ],
            [
              4.708,
              52.339
            ],
            [
              4.708,
              52.338
            ],
            [
              4.708,
              52.337
            ],
            [
              4.707,
              52.337
            ],
            [
              4.707,
              52.336
            ],
            [
              4.707,
              52.335
            ],
            [
              4.707,
              52.334
            ],
            [
              4.706,
              52.333
            ],
            [
              4.706,
              52.332
            ],
            [
              4.706,
              52.331
            ],
            [
              4.706,
              52.33
            ],
            [
              4.707,
              52.329
            ]
          ]
        ]
      },
      "properties": {
        "airport": "Schiphol",
        "bandLowerDb": 75,
        "year": 2021,
        "metric": "Lden",
        "kind": "actual",
        "source": "RIVM/CVGG — EU END 2021 noise contours (major airports), via data.overheid.nl",
        "license": "CC0-1.0"
      }
    },
    {
      "type": "Feature",
      "geometry": {
        "type": "Polygon",
        "coordinates": [
          [
            [
              4.74,
              52.33
            ],
            [
              4.741,
              52.33
            ],
            [
              4.741,
              52.331
            ],
            [
              4.74,
              52.331
            ],
            [
              4.74,
              52.33
            ]
          ]
        ]
      },
      "properties": {
        "airport": "Schiphol",
        "bandLowerDb": 75,
        "year": 2021,
        "metric": "Lden",
        "kind": "actual",
        "source": "RIVM/CVGG — EU END 2021 noise contours (major airports), via data.overheid.nl",
        "license": "CC0-1.0"
      }
    }
  ]
}
